{
  "_fv": 34,
  "_type": "rangeditem",
  "definition": {
    "renderType": 1,
    "texture": "fire_staff_texture",
    "customModelName": "fire_staff:default",
    "name": "Fire Staff",
    "specialInfo": [],
    "creativeTab": {
      "value": "CUSTOM:MagicWeapons"
    },
    "stackSize": 1,
    "ammoItem": {
      "value": ""
    },
    "shootConstantly": false,
    "usageCount": 3412,
    "actionSound": {
      "value": "item.bucket.empty_lava"
    },
    "hasGlow": false,
    "animation": "bow",
    "enableMeleeDamage": false,
    "damageVsEntity": 0.0,
    "onRangedItemUsed": {
      "name": "FireStaffRangedItemUsed"
    },
    "useCondition": {
      "name": "FireStaffCanUseRangedItem"
    },
    "bulletPower": 1.0,
    "bulletDamage": 5.0,
    "bulletKnockback": 4,
    "bulletParticles": false,
    "bulletIgnitesFire": false,
    "bulletItemTexture": {
      "value": "Blocks.MAGMA"
    },
    "bulletModel": "Default",
    "customBulletModelTexture": "",
    "onBulletHitsEntity": {
      "name": "FireStaffProjectileHitsLivingEntity"
    }
  }
}