{
  "_fv": 34,
  "_type": "armor",
  "definition": {
    "enableHelmet": true,
    "textureHelmet": "holy_helmet",
    "enableBody": true,
    "textureBody": "holychestplate",
    "enableLeggings": true,
    "textureLeggings": "holyleggins",
    "enableBoots": true,
    "textureBoots": "holyboots",
    "creativeTab": {
      "value": "CUSTOM:MagicArmor"
    },
    "armorTextureFile": "heavyholy",
    "helmetName": "HeavyHoly Helmet",
    "bodyName": "HeavyHoly Chestplate",
    "leggingsName": "HeavyHoly Leggings",
    "bootsName": "HeavyHoly Boots",
    "helmetSpecialInfo": [],
    "bodySpecialInfo": [],
    "leggingsSpecialInfo": [],
    "bootsSpecialInfo": [],
    "helmetModelName": "Default",
    "helmetModelPart": "Helmet",
    "helmetModelTexture": "From armor",
    "bodyModelName": "Default",
    "bodyModelPart": "Body",
    "armsModelPartL": "Arms L",
    "armsModelPartR": "Arms R",
    "bodyModelTexture": "From armor",
    "leggingsModelName": "Default",
    "leggingsModelPartL": "Leggings L",
    "leggingsModelPartR": "Leggings R",
    "leggingsModelTexture": "From armor",
    "bootsModelName": "Default",
    "bootsModelPartL": "Boots L",
    "bootsModelPartR": "Boots R",
    "bootsModelTexture": "From armor",
    "helmetImmuneToFire": false,
    "bodyImmuneToFire": false,
    "leggingsImmuneToFire": false,
    "bootsImmuneToFire": false,
    "maxDamage": 60,
    "damageValueHelmet": 8,
    "damageValueBody": 10,
    "damageValueLeggings": 12,
    "damageValueBoots": 8,
    "enchantability": 9,
    "toughness": 2.4,
    "knockbackResistance": 0.3,
    "equipSound": {
      "value": "item.armor.equip_netherite"
    },
    "repairItems": [
      {
        "value": "CUSTOM:HolyPlate"
      }
    ]
  }
}