{
  "_fv": 34,
  "_type": "tool",
  "definition": {
    "renderType": 1,
    "texture": "holy_hamer_1_text",
    "customModelName": "holy_hammer:default",
    "name": "Holy Hammer",
    "specialInfo": [],
    "creativeTab": {
      "value": "CUSTOM:MagicMeleeWeapons"
    },
    "toolType": "Pickaxe",
    "harvestLevel": 3,
    "efficiency": 2.0,
    "attackSpeed": 0.5,
    "enchantability": 2,
    "damageVsEntity": 20.0,
    "usageCount": 3823,
    "blocksAffected": [],
    "hasGlow": false,
    "repairItems": [],
    "immuneToFire": false,
    "stayInGridWhenCrafting": false,
    "damageOnCrafting": false
  }
}