{
  "_fv": 34,
  "_type": "tool",
  "definition": {
    "renderType": 1,
    "texture": "holymini_hammer",
    "customModelName": "tinkerhammer:default",
    "name": "Holy Casting Hammer",
    "specialInfo": [],
    "creativeTab": {
      "value": "CUSTOM:MagicMeleeWeapons"
    },
    "toolType": "Pickaxe",
    "harvestLevel": 3,
    "efficiency": 4.0,
    "attackSpeed": 1.0,
    "enchantability": 2,
    "damageVsEntity": 6.0,
    "usageCount": 512,
    "blocksAffected": [],
    "hasGlow": false,
    "repairItems": [
      {
        "value": "CUSTOM:HolyIngot"
      }
    ],
    "immuneToFire": false,
    "stayInGridWhenCrafting": true,
    "damageOnCrafting": true
  }
}