{
  "_fv": 34,
  "_type": "tool",
  "definition": {
    "renderType": 1,
    "texture": "holykatanatext",
    "customModelName": "holy_katana:default",
    "name": "Holy Katana",
    "specialInfo": [],
    "creativeTab": {
      "value": "CUSTOM:MagicMeleeWeapons"
    },
    "toolType": "Sword",
    "harvestLevel": 1,
    "efficiency": 4.0,
    "attackSpeed": 2.0,
    "enchantability": 2,
    "damageVsEntity": 7.0,
    "usageCount": 3326,
    "blocksAffected": [],
    "hasGlow": false,
    "repairItems": [
      {
        "value": "CUSTOM:HolyPlate"
      }
    ],
    "immuneToFire": false,
    "stayInGridWhenCrafting": false,
    "damageOnCrafting": false,
    "onEntityHitWith": {
      "name": "ExcaliburLivingEntityIsHitWithTool"
    }
  }
}