{
  "_fv": 34,
  "_type": "tool",
  "definition": {
    "renderType": 1,
    "texture": "holy_hammer_text",
    "customModelName": "holy_hammer_up:default",
    "name": "Holy Hammer Obsidianed",
    "specialInfo": [],
    "creativeTab": {
      "value": "CUSTOM:MagicMeleeWeapons"
    },
    "toolType": "Pickaxe",
    "harvestLevel": 4,
    "efficiency": 2.0,
    "attackSpeed": 0.4,
    "enchantability": 2,
    "damageVsEntity": 30.0,
    "usageCount": 5319,
    "blocksAffected": [],
    "hasGlow": true,
    "repairItems": [],
    "immuneToFire": true,
    "stayInGridWhenCrafting": false,
    "damageOnCrafting": false
  }
}