{
  "_fv": 34,
  "_type": "tool",
  "definition": {
    "renderType": 1,
    "texture": "holy_pick",
    "customModelName": "holypick:default",
    "name": "Holy Pickaxe",
    "specialInfo": [],
    "creativeTab": {
      "value": "CUSTOM:MagicMeleeWeapons"
    },
    "toolType": "Pickaxe",
    "harvestLevel": 51,
    "efficiency": 9.0,
    "attackSpeed": 1.0,
    "enchantability": 2,
    "damageVsEntity": 3.0,
    "usageCount": 3245,
    "blocksAffected": [],
    "hasGlow": false,
    "repairItems": [
      {
        "value": "CUSTOM:HolyRod"
      }
    ],
    "immuneToFire": false,
    "stayInGridWhenCrafting": false,
    "damageOnCrafting": false,
    "onEntityHitWith": {
      "name": "ExcaliburLivingEntityIsHitWithTool"
    }
  }
}