{
  "_fv": 34,
  "_type": "tool",
  "definition": {
    "renderType": 1,
    "texture": "holy_battle_axe_text",
    "customModelName": "battle_axe:default",
    "name": "Holy Battle Axe",
    "specialInfo": [],
    "creativeTab": {
      "value": "CUSTOM:MagicMeleeWeapons"
    },
    "toolType": "Axe",
    "harvestLevel": 1,
    "efficiency": 4.0,
    "attackSpeed": 0.4,
    "enchantability": 2,
    "damageVsEntity": 25.0,
    "usageCount": 3432,
    "blocksAffected": [],
    "hasGlow": false,
    "repairItems": [
      {
        "value": "CUSTOM:HolyAxeBlade"
      }
    ],
    "immuneToFire": false,
    "stayInGridWhenCrafting": false,
    "damageOnCrafting": false,
    "onEntityHitWith": {
      "name": "ExcaliburLivingEntityIsHitWithTool"
    }
  }
}