{
  "_fv": 34,
  "_type": "tool",
  "definition": {
    "renderType": 1,
    "texture": "holy_axe",
    "customModelName": "holyaxe:default",
    "name": "Holy Axe",
    "specialInfo": [],
    "creativeTab": {
      "value": "CUSTOM:MagicMeleeWeapons"
    },
    "toolType": "Axe",
    "harvestLevel": 4,
    "efficiency": 9.0,
    "attackSpeed": 1.6,
    "enchantability": 2,
    "damageVsEntity": 7.0,
    "usageCount": 2141,
    "blocksAffected": [],
    "hasGlow": false,
    "repairItems": [
      {
        "value": "CUSTOM:HolyAxeBlade"
      }
    ],
    "immuneToFire": false,
    "stayInGridWhenCrafting": false,
    "damageOnCrafting": false,
    "onEntityHitWith": {
      "name": "ExcaliburLivingEntityIsHitWithTool"
    }
  }
}