{
  "_fv": 34,
  "_type": "recipe",
  "definition": {
    "recipeType": "Smithing",
    "xpReward": 0.0,
    "cookingTime": 200,
    "recipeRetstackSize": 1,
    "group": "",
    "recipeShapeless": false,
    "smithingInputStack": {
      "value": "CUSTOM:HolyPlate"
    },
    "smithingInputAdditionStack": {
      "value": "CUSTOM:HolyHolyCastingHammer"
    },
    "smithingReturnStack": {
      "value": "CUSTOM:UncompliteHolyBlade"
    },
    "name": "holy_blade_craft_stage_1",
    "namespace": "mod"
  }
}