{
  "_fv": 34,
  "_type": "tool",
  "definition": {
    "renderType": 1,
    "texture": "icekatanatext",
    "customModelName": "ice_katana:default",
    "name": "Ice Katana",
    "specialInfo": [],
    "creativeTab": {
      "value": "CUSTOM:MagicMeleeWeapons"
    },
    "toolType": "Sword",
    "harvestLevel": 1,
    "efficiency": 4.0,
    "attackSpeed": 2.4,
    "enchantability": 2,
    "damageVsEntity": 12.0,
    "usageCount": 100,
    "blocksAffected": [],
    "hasGlow": true,
    "repairItems": [],
    "immuneToFire": false,
    "stayInGridWhenCrafting": false,
    "damageOnCrafting": false,
    "onEntityHitWith": {
      "name": "IceKatanaLivingEntityIsHitWithTool"
    }
  }
}