{
  "_fv": 34,
  "_type": "rangeditem",
  "definition": {
    "renderType": 1,
    "texture": "ice_staff_text",
    "customModelName": "ice_staff:default",
    "name": "Ice Staff",
    "specialInfo": [],
    "creativeTab": {
      "value": "CUSTOM:MagicWeapons"
    },
    "stackSize": 1,
    "ammoItem": {
      "value": ""
    },
    "shootConstantly": true,
    "usageCount": 100,
    "actionSound": {
      "value": "block.snow.place"
    },
    "hasGlow": false,
    "animation": "bow",
    "enableMeleeDamage": false,
    "damageVsEntity": 0.0,
    "onRangedItemUsed": {
      "name": "IceStaffRangedItemUsed"
    },
    "useCondition": {
      "name": "IceStaffCanUseRangedItem"
    },
    "bulletPower": 1.0,
    "bulletDamage": 2.0,
    "bulletKnockback": 3,
    "bulletParticles": false,
    "bulletIgnitesFire": false,
    "bulletItemTexture": {
      "value": "Blocks.BLUE_ICE"
    },
    "bulletModel": "Default",
    "customBulletModelTexture": "",
    "onBulletHitsEntity": {
      "name": "IceStaffProjectileHitsLivingEntity"
    }
  }
}