{
  "_fv": 34,
  "_type": "achievement",
  "definition": {
    "achievementName": "Magic Adventures",
    "achievementDescription": "You dont realy know what to wait for",
    "achievementIcon": {
      "value": "CUSTOM:ManaCrystal"
    },
    "background": "Default",
    "disableDisplay": false,
    "showPopup": true,
    "announceToChat": true,
    "hideIfNotCompleted": false,
    "rewardLoot": [],
    "rewardRecipes": [],
    "rewardFunction": "No function",
    "rewardXP": 0,
    "achievementType": "task",
    "parent": {
      "value": "No parent: root"
    },
    "triggerxml": "<xml xmlns=\"https://developers.google.com/blockly/xml\"><block type=\"tick\" x=\"55\" y=\"51\"><next><block type=\"advancement_trigger\" deletable=\"false\"></block></next></block></xml>"
  }
}