{
  "_fv": 34,
  "_type": "recipe",
  "definition": {
    "recipeType": "Crafting",
    "xpReward": 0.0,
    "cookingTime": 200,
    "recipeRetstackSize": 2,
    "group": "",
    "recipeShapeless": false,
    "recipeSlots": [
      {
        "value": "Items.SUGAR"
      },
      {
        "value": "Items.SUGAR"
      },
      {
        "value": "Items.SUGAR"
      },
      {
        "value": "Items.DYE#3"
      },
      {
        "value": "Items.MILK_BUCKET"
      },
      {
        "value": "Items.DYE#3"
      },
      {
        "value": "Items.DYE#3"
      },
      {
        "value": "CUSTOM:ConcentratedManaCrystal"
      },
      {
        "value": "Items.DYE#3"
      }
    ],
    "recipeReturnStack": {
      "value": "CUSTOM:ManaChocolate"
    },
    "name": "mana_chocolate_recipe",
    "namespace": "mod"
  }
}