{
  "_fv": 34,
  "_type": "item",
  "definition": {
    "renderType": 0,
    "texture": "manachocolate",
    "customModelName": "Normal",
    "name": "Mana Chocolate",
    "rarity": "COMMON",
    "creativeTab": {
      "value": "FOOD"
    },
    "stackSize": 64,
    "enchantability": 0,
    "useDuration": 32,
    "toolType": 1.0,
    "damageCount": 0,
    "recipeRemainder": {
      "value": ""
    },
    "destroyAnyBlock": false,
    "immuneToFire": false,
    "stayInGridWhenCrafting": false,
    "damageOnCrafting": false,
    "enableMeleeDamage": false,
    "damageVsEntity": 0.0,
    "specialInfo": [
      "tasty"
    ],
    "hasGlow": false,
    "guiBoundTo": "<NONE>",
    "inventorySize": 9,
    "inventoryStackSize": 64,
    "onFinishUsingItem": {
      "name": "ManaChocolatePlayerFinishesUsingItem"
    },
    "isFood": true,
    "nutritionalValue": 4,
    "saturation": 1.0,
    "eatResultItem": {
      "value": ""
    },
    "isMeat": false,
    "isAlwaysEdible": false,
    "animation": "eat"
  }
}