{
  "_fv": 34,
  "_type": "armor",
  "definition": {
    "enableHelmet": true,
    "textureHelmet": "holy_helmet_up",
    "enableBody": true,
    "textureBody": "holychestplateup",
    "enableLeggings": true,
    "textureLeggings": "holylegginsup",
    "enableBoots": true,
    "textureBoots": "holybootsup",
    "creativeTab": {
      "value": "CUSTOM:MagicArmor"
    },
    "armorTextureFile": "obsidianedhevyholy",
    "helmetName": "ObsidianedHevyHoly Helmet",
    "bodyName": "ObsidianedHevyHoly Chestplate",
    "leggingsName": "ObsidianedHevyHoly Leggings",
    "bootsName": "ObsidianedHevyHoly Boots",
    "helmetSpecialInfo": [],
    "bodySpecialInfo": [],
    "leggingsSpecialInfo": [],
    "bootsSpecialInfo": [],
    "helmetModelName": "Default",
    "helmetModelPart": "Helmet",
    "helmetModelTexture": "From armor",
    "bodyModelName": "Default",
    "bodyModelPart": "Body",
    "armsModelPartL": "Arms L",
    "armsModelPartR": "Arms R",
    "bodyModelTexture": "From armor",
    "leggingsModelName": "Default",
    "leggingsModelPartL": "Leggings L",
    "leggingsModelPartR": "Leggings R",
    "leggingsModelTexture": "From armor",
    "bootsModelName": "Default",
    "bootsModelPartL": "Boots L",
    "bootsModelPartR": "Boots R",
    "bootsModelTexture": "From armor",
    "helmetImmuneToFire": false,
    "bodyImmuneToFire": false,
    "leggingsImmuneToFire": false,
    "bootsImmuneToFire": false,
    "maxDamage": 75,
    "damageValueHelmet": 10,
    "damageValueBody": 25,
    "damageValueLeggings": 30,
    "damageValueBoots": 10,
    "enchantability": 45,
    "toughness": 4.0,
    "knockbackResistance": 2.0,
    "equipSound": {
      "value": "item.armor.equip_netherite"
    },
    "repairItems": [
      {
        "value": "CUSTOM:ObsidianPlate"
      }
    ]
  }
}