{
  "_fv": 34,
  "_type": "recipe",
  "definition": {
    "recipeType": "Crafting",
    "xpReward": 0.0,
    "cookingTime": 200,
    "recipeRetstackSize": 1,
    "group": "",
    "recipeShapeless": false,
    "recipeSlots": [
      {
        "value": ""
      },
      {
        "value": "CUSTOM:HeavyHolyArmor.helmet"
      },
      {
        "value": ""
      },
      {
        "value": "CUSTOM:ObsidianPlate"
      },
      {
        "value": "CUSTOM:HolyHolyCastingHammer"
      },
      {
        "value": "CUSTOM:ObsidianPlate"
      },
      {
        "value": ""
      },
      {
        "value": ""
      },
      {
        "value": ""
      }
    ],
    "recipeReturnStack": {
      "value": "CUSTOM:ObsidianedHevyHolyArmor.helmet"
    },
    "name": "obsidianed_hevy_holy_armor_helmet_recipe",
    "namespace": "mod"
  }
}