{
  "_fv": 34,
  "_type": "recipe",
  "definition": {
    "recipeType": "Crafting",
    "xpReward": 0.0,
    "cookingTime": 200,
    "recipeRetstackSize": 2,
    "group": "",
    "recipeShapeless": false,
    "recipeSlots": [
      {
        "value": ""
      },
      {
        "value": "CUSTOM:SoulEssention"
      },
      {
        "value": ""
      },
      {
        "value": "CUSTOM:SoulEssention"
      },
      {
        "value": "CUSTOM:BrockenManaCrystal"
      },
      {
        "value": "CUSTOM:SoulEssention"
      },
      {
        "value": ""
      },
      {
        "value": "CUSTOM:SoulEssention"
      },
      {
        "value": ""
      }
    ],
    "recipeReturnStack": {
      "value": "CUSTOM:SoulShard"
    },
    "name": "soul_shard_recipe",
    "namespace": "mod"
  }
}