{
  "_fv": 34,
  "_type": "rangeditem",
  "definition": {
    "renderType": 1,
    "texture": "holy_rod",
    "customModelName": "soulstaff:default",
    "name": "Soul Staff",
    "specialInfo": [],
    "creativeTab": {
      "value": "CUSTOM:MagicWeapons"
    },
    "stackSize": 1,
    "ammoItem": {
      "value": ""
    },
    "shootConstantly": false,
    "usageCount": 5311,
    "actionSound": {
      "value": "particle.soul_escape"
    },
    "hasGlow": false,
    "animation": "bow",
    "enableMeleeDamage": false,
    "damageVsEntity": 0.0,
    "onRangedItemUsed": {
      "name": "SoulStaffRangedItemUsed"
    },
    "useCondition": {
      "name": "ObsidianStaffCanUseRangedItem"
    },
    "bulletPower": 1.0,
    "bulletDamage": 4.0,
    "bulletKnockback": 2,
    "bulletParticles": false,
    "bulletIgnitesFire": false,
    "bulletItemTexture": {
      "value": "CUSTOM:SoulShard"
    },
    "bulletModel": "Default",
    "customBulletModelTexture": "",
    "onBulletHitsEntity": {
      "name": "SoulStaffProjectileHitsLivingEntity"
    }
  }
}