{
  "_fv": 34,
  "_type": "rangeditem",
  "definition": {
    "renderType": 1,
    "texture": "stone_staff_text",
    "customModelName": "stone_staff:default",
    "name": "Stone Staff",
    "specialInfo": [],
    "creativeTab": {
      "value": "CUSTOM:MagicWeapons"
    },
    "stackSize": 1,
    "ammoItem": {
      "value": ""
    },
    "shootConstantly": false,
    "usageCount": 2145,
    "actionSound": {
      "value": "block.stone.hit"
    },
    "hasGlow": false,
    "animation": "bow",
    "enableMeleeDamage": false,
    "damageVsEntity": 0.0,
    "onRangedItemUsed": {
      "name": "WaterStaffRangedItemUsed"
    },
    "onEntitySwing": {
      "name": "StoneStaffEntitySwingsItem"
    },
    "useCondition": {
      "name": "StoneStaffCanUseRangedItem"
    },
    "bulletPower": 0.8,
    "bulletDamage": 3.0,
    "bulletKnockback": 2,
    "bulletParticles": false,
    "bulletIgnitesFire": false,
    "bulletItemTexture": {
      "value": "Blocks.STONE#0"
    },
    "bulletModel": "Default",
    "customBulletModelTexture": "",
    "onBulletHitsEntity": {
      "name": "StoneStaffProjectileHitsLivingEntity"
    }
  }
}