{
  "_fv": 34,
  "_type": "tool",
  "definition": {
    "renderType": 1,
    "texture": "holy_battle_axe_up_text",
    "customModelName": "battle_axe_up:default",
    "name": "Stone Battle Axe",
    "specialInfo": [],
    "creativeTab": {
      "value": "CUSTOM:MagicMeleeWeapons"
    },
    "toolType": "Axe",
    "harvestLevel": 1,
    "efficiency": 4.0,
    "attackSpeed": 0.3,
    "enchantability": 2,
    "damageVsEntity": 35.0,
    "usageCount": 6107,
    "blocksAffected": [],
    "hasGlow": true,
    "repairItems": [
      {
        "value": "CUSTOM:StoneAxeBlade"
      }
    ],
    "immuneToFire": false,
    "stayInGridWhenCrafting": false,
    "damageOnCrafting": false,
    "onEntityHitWith": {
      "name": "StoneStaffProjectileHitsLivingEntity"
    }
  }
}