{
  "_fv": 34,
  "_type": "tool",
  "definition": {
    "renderType": 1,
    "texture": "true_excalibur_text",
    "customModelName": "true_excalibur:default",
    "name": "True Excalibur",
    "specialInfo": [],
    "creativeTab": {
      "value": "CUSTOM:MagicMeleeWeapons"
    },
    "toolType": "Sword",
    "harvestLevel": 1,
    "efficiency": 4.0,
    "attackSpeed": 1.6,
    "enchantability": 2,
    "damageVsEntity": 13.0,
    "usageCount": 5432,
    "blocksAffected": [],
    "hasGlow": true,
    "repairItems": [],
    "immuneToFire": true,
    "stayInGridWhenCrafting": false,
    "damageOnCrafting": false,
    "onEntityHitWith": {
      "name": "TrueExcaliburLivingEntityIsHitWithTool"
    }
  }
}