{
  "_fv": 34,
  "_type": "tool",
  "definition": {
    "renderType": 1,
    "texture": "glowinng_murasama_text",
    "customModelName": "murasama:default",
    "name": "HF Murasama",
    "specialInfo": [
      "OK! Let`s dance"
    ],
    "creativeTab": {
      "value": "No creative tab entry"
    },
    "toolType": "Sword",
    "harvestLevel": 1,
    "efficiency": 4.0,
    "attackSpeed": 3.0,
    "enchantability": 2,
    "damageVsEntity": 35.0,
    "usageCount": 5127,
    "blocksAffected": [],
    "hasGlow": true,
    "repairItems": [
      {
        "value": "CUSTOM:FireIngot"
      }
    ],
    "immuneToFire": true,
    "stayInGridWhenCrafting": false,
    "damageOnCrafting": false
  }
}