{
  "_fv": 34,
  "_type": "recipe",
  "definition": {
    "recipeType": "Crafting",
    "xpReward": 0.0,
    "cookingTime": 200,
    "recipeRetstackSize": 1,
    "group": "",
    "recipeShapeless": false,
    "recipeSlots": [
      {
        "value": ""
      },
      {
        "value": ""
      },
      {
        "value": "CUSTOM:FireIngot"
      },
      {
        "value": ""
      },
      {
        "value": "CUSTOM:FireIngot"
      },
      {
        "value": "CUSTOM:FireCrystal"
      },
      {
        "value": "Items.NETHERITE_INGOT"
      },
      {
        "value": ""
      },
      {
        "value": ""
      }
    ],
    "recipeReturnStack": {
      "value": "CUSTOM:VTE7"
    },
    "name": "vte_7_recipe",
    "namespace": "mod"
  }
}