{
  "_fv": 34,
  "_type": "rangeditem",
  "definition": {
    "renderType": 1,
    "texture": "water_staff_text",
    "customModelName": "water_staff:default",
    "name": "Water Staff",
    "specialInfo": [],
    "creativeTab": {
      "value": "CUSTOM:MagicWeapons"
    },
    "stackSize": 1,
    "ammoItem": {
      "value": ""
    },
    "shootConstantly": false,
    "usageCount": 3126,
    "actionSound": {
      "value": "item.bucket.empty"
    },
    "hasGlow": false,
    "animation": "bow",
    "enableMeleeDamage": false,
    "damageVsEntity": 0.0,
    "onRangedItemUsed": {
      "name": "WaterStaffRangedItemUsed"
    },
    "onEntitySwing": {
      "name": "WaterStaffEntitySwingsItem"
    },
    "useCondition": {
      "name": "WaterStaffCanUseRangedItem"
    },
    "bulletPower": 1.0,
    "bulletDamage": 3.0,
    "bulletKnockback": 7,
    "bulletParticles": false,
    "bulletIgnitesFire": false,
    "bulletItemTexture": {
      "value": "Blocks.WATER"
    },
    "bulletModel": "Default",
    "customBulletModelTexture": "",
    "onBulletHitsEntity": {
      "name": "WaterStaffProjectileHitsLivingEntity"
    }
  }
}