{
	"credit": "Made with Blockbench",
	"texture_size": [64, 64],
	"textures": {
		"0": "block/Excalibur text",
		"particle": "block/Excalibur text"
	},
	"elements": [
		{
			"from": [6, -8, 6],
			"to": [10, -4, 10],
			"rotation": {"angle": 0, "axis": "y", "origin": [0, -6, 0]},
			"faces": {
				"north": {"uv": [6, 0, 7, 1], "texture": "#0"},
				"east": {"uv": [6, 1, 7, 2], "texture": "#0"},
				"south": {"uv": [6, 2, 7, 3], "texture": "#0"},
				"west": {"uv": [6, 3, 7, 4], "texture": "#0"},
				"up": {"uv": [7, 5, 6, 4], "texture": "#0"},
				"down": {"uv": [5, 6.25, 4, 7.25], "texture": "#0"}
			}
		},
		{
			"from": [7, -4, 7],
			"to": [9, 3, 9],
			"rotation": {"angle": 0, "axis": "y", "origin": [0, -6, 0]},
			"faces": {
				"north": {"uv": [3.5, 6.5, 4, 8.25], "texture": "#0"},
				"east": {"uv": [6.5, 5, 7, 6.75], "texture": "#0"},
				"south": {"uv": [1, 6.75, 1.5, 8.5], "texture": "#0"},
				"west": {"uv": [1.5, 6.75, 2, 8.5], "texture": "#0"},
				"up": {"uv": [7.5, 5, 7, 4.5], "texture": "#0"},
				"down": {"uv": [7.5, 5, 7, 5.5], "texture": "#0"}
			}
		},
		{
			"from": [7, 5, 4],
			"to": [9, 24, 12],
			"rotation": {"angle": 0, "axis": "y", "origin": [0, -8, 0]},
			"faces": {
				"north": {"uv": [0, 4.75, 0.5, 9.5], "texture": "#0"},
				"east": {"uv": [0, 0, 2, 4.75], "texture": "#0"},
				"south": {"uv": [0.5, 4.75, 1, 9.5], "texture": "#0"},
				"west": {"uv": [2, 0, 4, 4.75], "texture": "#0"},
				"up": {"uv": [5.5, 8.25, 5, 6.25], "texture": "#0"},
				"down": {"uv": [6, 6.25, 5.5, 8.25], "texture": "#0"}
			}
		},
		{
			"from": [7, 24, 6],
			"to": [9, 32, 10],
			"rotation": {"angle": 0, "axis": "y", "origin": [0, -2, 0]},
			"faces": {
				"north": {"uv": [6, 6.25, 6.5, 8.25], "texture": "#0"},
				"east": {"uv": [1, 4.75, 2, 6.75], "texture": "#0"},
				"south": {"uv": [3, 6.5, 3.5, 8.5], "texture": "#0"},
				"west": {"uv": [2, 4.75, 3, 6.75], "texture": "#0"},
				"up": {"uv": [2.5, 7.75, 2, 6.75], "texture": "#0"},
				"down": {"uv": [3, 6.75, 2.5, 7.75], "texture": "#0"}
			}
		},
		{
			"from": [6, 3, 3],
			"to": [10, 5, 13],
			"rotation": {"angle": 0, "axis": "y", "origin": [0, -8, 0]},
			"faces": {
				"north": {"uv": [7, 1.5, 8, 2], "texture": "#0"},
				"east": {"uv": [4, 5.25, 6.5, 5.75], "texture": "#0"},
				"south": {"uv": [7, 2, 8, 2.5], "texture": "#0"},
				"west": {"uv": [4, 5.75, 6.5, 6.25], "texture": "#0"},
				"up": {"uv": [5, 2.5, 4, 0], "texture": "#0"},
				"down": {"uv": [5, 2.5, 4, 5], "texture": "#0"}
			}
		},
		{
			"from": [6, 3.25, -8],
			"to": [10, 5.25, -1],
			"rotation": {"angle": 22.5, "axis": "x", "origin": [0, -8, 0]},
			"faces": {
				"north": {"uv": [7, 2.5, 8, 3], "texture": "#0"},
				"east": {"uv": [6.5, 6.75, 8.25, 7.25], "texture": "#0"},
				"south": {"uv": [7, 3, 8, 3.5], "texture": "#0"},
				"west": {"uv": [7, 0, 8.75, 0.5], "texture": "#0"},
				"up": {"uv": [4, 6.5, 3, 4.75], "texture": "#0"},
				"down": {"uv": [6, 0, 5, 1.75], "texture": "#0"}
			}
		},
		{
			"from": [6, -2.75, 15.75],
			"to": [10, -0.75, 22.75],
			"rotation": {"angle": -22.5, "axis": "x", "origin": [0, -8, 0]},
			"faces": {
				"north": {"uv": [7, 3.5, 8, 4], "texture": "#0"},
				"east": {"uv": [7, 0.5, 8.75, 1], "texture": "#0"},
				"south": {"uv": [7, 4, 8, 4.5], "texture": "#0"},
				"west": {"uv": [7, 1, 8.75, 1.5], "texture": "#0"},
				"up": {"uv": [6, 3.5, 5, 1.75], "texture": "#0"},
				"down": {"uv": [6, 3.5, 5, 5.25], "texture": "#0"}
			}
		}
	],
	"display": {
		"thirdperson_righthand": {
			"translation": [0, 6.75, 1.25]
		},
		"thirdperson_lefthand": {
			"translation": [0, 6.75, 1]
		},
		"firstperson_righthand": {
			"rotation": [-7, 0, 0],
			"translation": [0, -0.5, 0]
		},
		"firstperson_lefthand": {
			"rotation": [-7, 0, 0],
			"translation": [0, -0.5, 0]
		},
		"ground": {
			"rotation": [90, 90, 0],
			"scale": [0.6, 0.6, 0.6]
		},
		"gui": {
			"rotation": [76.36, 50.73, -52.63],
			"translation": [-0.5, -1.25, 0],
			"scale": [0.5, 0.5, 0.5]
		},
		"head": {
			"rotation": [180, 0, 0],
			"translation": [0, 21, 0]
		},
		"fixed": {
			"rotation": [0, 90, 0],
			"translation": [0, 0, -1]
		}
	},
	"groups": [
		{
			"name": "group",
			"origin": [0, -2, 0],
			"color": 0,
			"children": [0, 1, 2, 3, 4, 5, 6]
		}
	]
}