{
	"credit": "Made with Blockbench",
	"texture_size": [32, 32],
	"textures": {
		"0": "fire staff texture",
		"particle": "fire staff texture"
	},
	"elements": [
		{
			"from": [7, 22, -11],
			"to": [9, 27, -9],
			"rotation": {"angle": 45, "axis": "x", "origin": [0, 0, 0]},
			"faces": {
				"north": {"uv": [6, 4, 7, 6.5], "texture": "#0"},
				"east": {"uv": [6, 6.5, 7, 9], "texture": "#0"},
				"south": {"uv": [7, 4, 8, 6.5], "texture": "#0"},
				"west": {"uv": [7, 6.5, 8, 9], "texture": "#0"},
				"up": {"uv": [10, 8, 9, 7], "texture": "#0"},
				"down": {"uv": [9, 9, 8, 10], "texture": "#0"}
			}
		},
		{
			"from": [7, 0, 7],
			"to": [9, 24, 9],
			"faces": {
				"north": {"uv": [0, 0, 1, 12], "texture": "#0"},
				"east": {"uv": [1, 0, 2, 12], "texture": "#0"},
				"south": {"uv": [2, 0, 3, 12], "texture": "#0"},
				"west": {"uv": [3, 0, 4, 12], "texture": "#0"},
				"up": {"uv": [10, 9, 9, 8], "texture": "#0"},
				"down": {"uv": [10, 9, 9, 10], "texture": "#0"}
			}
		},
		{
			"from": [7, 25, 11],
			"to": [9, 30, 13],
			"faces": {
				"north": {"uv": [8, 0, 9, 2.5], "texture": "#0"},
				"east": {"uv": [8, 2.5, 9, 5], "texture": "#0"},
				"south": {"uv": [4, 8, 5, 10.5], "texture": "#0"},
				"west": {"uv": [5, 8, 6, 10.5], "texture": "#0"},
				"up": {"uv": [11, 1, 10, 0], "texture": "#0"},
				"down": {"uv": [11, 1, 10, 2], "texture": "#0"}
			}
		},
		{
			"from": [7, 30, 6],
			"to": [9, 32, 10],
			"faces": {
				"north": {"uv": [10, 2, 11, 3], "texture": "#0"},
				"east": {"uv": [8, 5, 10, 6], "texture": "#0"},
				"south": {"uv": [10, 3, 11, 4], "texture": "#0"},
				"west": {"uv": [8, 6, 10, 7], "texture": "#0"},
				"up": {"uv": [9, 9, 8, 7], "texture": "#0"},
				"down": {"uv": [10, 0, 9, 2], "texture": "#0"}
			}
		},
		{
			"from": [7, 12, 28],
			"to": [9, 15, 30],
			"rotation": {"angle": -45, "axis": "x", "origin": [0, 0, 0]},
			"faces": {
				"north": {"uv": [9, 2, 10, 3.5], "texture": "#0"},
				"east": {"uv": [9, 3.5, 10, 5], "texture": "#0"},
				"south": {"uv": [6, 9, 7, 10.5], "texture": "#0"},
				"west": {"uv": [7, 9, 8, 10.5], "texture": "#0"},
				"up": {"uv": [11, 5, 10, 4], "texture": "#0"},
				"down": {"uv": [11, 5, 10, 6], "texture": "#0"}
			}
		},
		{
			"from": [6, 25, 5],
			"to": [10, 29, 9],
			"faces": {
				"north": {"uv": [4, 0, 6, 2], "texture": "#0"},
				"east": {"uv": [4, 2, 6, 4], "texture": "#0"},
				"south": {"uv": [4, 4, 6, 6], "texture": "#0"},
				"west": {"uv": [6, 0, 8, 2], "texture": "#0"},
				"up": {"uv": [8, 4, 6, 2], "texture": "#0"},
				"down": {"uv": [6, 6, 4, 8], "texture": "#0"}
			}
		}
	],
	"display": {
		"thirdperson_righthand": {
			"translation": [0, 2, 1.5]
		},
		"thirdperson_lefthand": {
			"translation": [0, 3, 1.5]
		},
		"firstperson_righthand": {
			"translation": [0, -8, 0]
		},
		"firstperson_lefthand": {
			"translation": [0, -8, 0]
		},
		"ground": {
			"rotation": [90, 0, 0],
			"scale": [0.5, 0.5, 0.5]
		},
		"gui": {
			"rotation": [32, 53, -67],
			"translation": [-2, -3.25, 0],
			"scale": [0.5, 0.5, 0.6]
		},
		"head": {
			"translation": [-5.75, 5.25, 0]
		},
		"fixed": {
			"rotation": [0, 90, 0],
			"translation": [0, 0, -0.75]
		}
	},
	"groups": [
		{
			"name": "staff",
			"origin": [0, 0, 0],
			"color": 0,
			"children": [0, 1, 2, 3, 4]
		},
		{
			"name": "stone",
			"origin": [8, 8, 8],
			"color": 0,
			"children": [5]
		}
	]
}