{
	"credit": "Made with Blockbench",
	"texture_size": [32, 32],
	"textures": {
		"0": "Gungnir text",
		"particle": "Gungnir text"
	},
	"elements": [
		{
			"from": [6, -16, 6],
			"to": [10, -12, 10],
			"faces": {
				"north": {"uv": [8, 6, 10, 8], "texture": "#0"},
				"east": {"uv": [8, 8, 10, 10], "texture": "#0"},
				"south": {"uv": [9, 0, 11, 2], "texture": "#0"},
				"west": {"uv": [9, 2, 11, 4], "texture": "#0"},
				"up": {"uv": [6, 11, 4, 9], "texture": "#0"},
				"down": {"uv": [11, 4, 9, 6], "texture": "#0"}
			}
		},
		{
			"from": [7, 26, 7],
			"to": [9, 32, 9],
			"faces": {
				"north": {"uv": [6, 9, 7, 12], "texture": "#0"},
				"east": {"uv": [7, 9, 8, 12], "texture": "#0"},
				"south": {"uv": [10, 6, 11, 9], "texture": "#0"},
				"west": {"uv": [8, 10, 9, 13], "texture": "#0"},
				"up": {"uv": [13, 1, 12, 0], "texture": "#0"},
				"down": {"uv": [13, 1, 12, 2], "texture": "#0"}
			}
		},
		{
			"from": [7, -12, 7],
			"to": [9, 20, 9],
			"faces": {
				"north": {"uv": [0, 0, 1, 16], "texture": "#0"},
				"east": {"uv": [1, 0, 2, 16], "texture": "#0"},
				"south": {"uv": [2, 0, 3, 16], "texture": "#0"},
				"west": {"uv": [3, 0, 4, 16], "texture": "#0"},
				"up": {"uv": [13, 3, 12, 2], "texture": "#0"},
				"down": {"uv": [13, 3, 12, 4], "texture": "#0"}
			}
		},
		{
			"from": [7, 17, 11],
			"to": [9, 23, 13],
			"faces": {
				"north": {"uv": [9, 10, 10, 13], "texture": "#0"},
				"east": {"uv": [10, 9, 11, 12], "texture": "#0"},
				"south": {"uv": [11, 0, 12, 3], "texture": "#0"},
				"west": {"uv": [11, 3, 12, 6], "texture": "#0"},
				"up": {"uv": [13, 5, 12, 4], "texture": "#0"},
				"down": {"uv": [13, 5, 12, 6], "texture": "#0"}
			}
		},
		{
			"from": [7, 17, 3],
			"to": [9, 23, 5],
			"faces": {
				"north": {"uv": [4, 11, 5, 14], "texture": "#0"},
				"east": {"uv": [5, 11, 6, 14], "texture": "#0"},
				"south": {"uv": [11, 6, 12, 9], "texture": "#0"},
				"west": {"uv": [11, 9, 12, 12], "texture": "#0"},
				"up": {"uv": [7, 13, 6, 12], "texture": "#0"},
				"down": {"uv": [13, 6, 12, 7], "texture": "#0"}
			}
		},
		{
			"from": [6, 20, 5],
			"to": [10, 26, 11],
			"faces": {
				"north": {"uv": [4, 6, 6, 9], "texture": "#0"},
				"east": {"uv": [4, 0, 7, 3], "texture": "#0"},
				"south": {"uv": [6, 6, 8, 9], "texture": "#0"},
				"west": {"uv": [4, 3, 7, 6], "texture": "#0"},
				"up": {"uv": [9, 3, 7, 0], "texture": "#0"},
				"down": {"uv": [9, 3, 7, 6], "texture": "#0"}
			}
		}
	],
	"display": {
		"thirdperson_righthand": {
			"translation": [0, 10.5, 1.5]
		},
		"thirdperson_lefthand": {
			"translation": [0, 10.5, 1.5]
		},
		"firstperson_righthand": {
			"rotation": [-90, 0, 0],
			"translation": [0, 2, 0]
		},
		"firstperson_lefthand": {
			"rotation": [-90, 0, 0],
			"translation": [0, 2, 0]
		},
		"ground": {
			"rotation": [90, 90, 0],
			"scale": [0.7, 0.7, 0.7]
		},
		"gui": {
			"rotation": [18, 49, -66],
			"scale": [0.5, 0.5, 0.5]
		},
		"head": {
			"rotation": [-56, 0, 0],
			"translation": [0, 4, -4]
		},
		"fixed": {
			"rotation": [0, 90, 0],
			"translation": [0, 0, -1.25]
		}
	},
	"groups": [
		{
			"name": "group",
			"origin": [0, 0, 0],
			"color": 0,
			"children": [0, 1, 2, 3, 4, 5]
		}
	]
}