{
	"credit": "Made with Blockbench",
	"texture_size": [128, 128],
	"textures": {
		"0": "Holy Hammer text",
		"particle": "Holy Hammer text"
	},
	"elements": [
		{
			"from": [6, -7, 6],
			"to": [10, -3, 10],
			"faces": {
				"north": {"uv": [3.625, 2.25, 4.125, 2.75], "texture": "#0"},
				"east": {"uv": [1, 4.125, 1.5, 4.625], "texture": "#0"},
				"south": {"uv": [1.5, 4.125, 2, 4.625], "texture": "#0"},
				"west": {"uv": [4.125, 2.25, 4.625, 2.75], "texture": "#0"},
				"up": {"uv": [4.75, 4.375, 4.25, 3.875], "texture": "#0"},
				"down": {"uv": [4.75, 4.375, 4.25, 4.875], "texture": "#0"}
			}
		},
		{
			"from": [7, -3, 7],
			"to": [9, 32, 9],
			"faces": {
				"north": {"uv": [2.25, 3.875, 2.5, 8.25], "texture": "#0"},
				"east": {"uv": [2.5, 3.875, 2.75, 8.25], "texture": "#0"},
				"south": {"uv": [2.75, 3.875, 3, 8.25], "texture": "#0"},
				"west": {"uv": [3, 3.875, 3.25, 8.25], "texture": "#0"},
				"up": {"uv": [2.25, 4.375, 2, 4.125], "texture": "#0"},
				"down": {"uv": [2.25, 4.375, 2, 4.625], "texture": "#0"}
			}
		},
		{
			"from": [6, 25, 6],
			"to": [10, 30, 10],
			"faces": {
				"north": {"uv": [3.25, 3.875, 3.75, 4.5], "texture": "#0"},
				"east": {"uv": [3.75, 3.875, 4.25, 4.5], "texture": "#0"},
				"south": {"uv": [0, 4.125, 0.5, 4.75], "texture": "#0"},
				"west": {"uv": [0.5, 4.125, 1, 4.75], "texture": "#0"},
				"up": {"uv": [3.75, 5, 3.25, 4.5], "texture": "#0"},
				"down": {"uv": [4.25, 4.5, 3.75, 5], "texture": "#0"}
			}
		},
		{
			"from": [3, 21, -3],
			"to": [13, 32, 6],
			"faces": {
				"north": {"uv": [0, 0, 1.25, 1.375], "texture": "#0"},
				"east": {"uv": [2.5, 0, 3.625, 1.375], "texture": "#0"},
				"south": {"uv": [1.25, 0, 2.5, 1.375], "texture": "#0"},
				"west": {"uv": [2.5, 1.375, 3.625, 2.75], "texture": "#0"},
				"up": {"uv": [3.5, 3.875, 2.25, 2.75], "texture": "#0"},
				"down": {"uv": [4.75, 2.75, 3.5, 3.875], "texture": "#0"}
			}
		},
		{
			"from": [3, 21, 10],
			"to": [13, 32, 19],
			"faces": {
				"north": {"uv": [0, 1.375, 1.25, 2.75], "texture": "#0"},
				"east": {"uv": [0, 2.75, 1.125, 4.125], "texture": "#0"},
				"south": {"uv": [1.25, 1.375, 2.5, 2.75], "texture": "#0"},
				"west": {"uv": [1.125, 2.75, 2.25, 4.125], "texture": "#0"},
				"up": {"uv": [4.875, 1.125, 3.625, 0], "texture": "#0"},
				"down": {"uv": [4.875, 1.125, 3.625, 2.25], "texture": "#0"}
			}
		}
	],
	"display": {
		"thirdperson_righthand": {
			"translation": [0, 4.75, 1.25]
		},
		"thirdperson_lefthand": {
			"translation": [0, 5.5, 1.25]
		},
		"firstperson_righthand": {
			"translation": [0, -8.25, 0]
		},
		"firstperson_lefthand": {
			"translation": [0, -8.5, 0]
		},
		"ground": {
			"rotation": [90, 90, 0],
			"translation": [0, 3.75, 0],
			"scale": [0.5, 0.5, 0.5]
		},
		"gui": {
			"rotation": [33, 26, -43],
			"translation": [-1, -2.5, 0],
			"scale": [0.4, 0.4, 0.4]
		},
		"head": {
			"rotation": [180, 90, 0],
			"translation": [0, 18.5, 0]
		},
		"fixed": {
			"rotation": [0, 90, 0],
			"translation": [0, 0, -3]
		}
	},
	"groups": [
		{
			"name": "group",
			"origin": [8, 8, 8],
			"color": 0,
			"children": [0, 1, 2, 3, 4]
		}
	]
}