{
	"credit": "Made with Blockbench",
	"texture_size": [32, 32],
	"textures": {
		"1": "Glowinng murasama text",
		"particle": "Murasama text"
	},
	"elements": [
		{
			"from": [7, 10, 8],
			"to": [9, 32, 9],
			"faces": {
				"north": {"uv": [0, 0, 1, 11], "texture": "#1"},
				"east": {"uv": [4, 0, 4.5, 11], "texture": "#1"},
				"south": {"uv": [1, 0, 2, 11], "texture": "#1"},
				"west": {"uv": [4.5, 0, 5, 11], "texture": "#1"},
				"up": {"uv": [9, 8.5, 8, 8], "texture": "#1"},
				"down": {"uv": [9, 8.5, 8, 9], "texture": "#1"}
			}
		},
		{
			"from": [7, 0, 7],
			"to": [9, 9, 9],
			"faces": {
				"north": {"uv": [6, 0, 7, 4.5], "texture": "#1"},
				"east": {"uv": [6, 4.5, 7, 9], "texture": "#1"},
				"south": {"uv": [7, 0, 8, 4.5], "texture": "#1"},
				"west": {"uv": [7, 4.5, 8, 9], "texture": "#1"},
				"up": {"uv": [9, 5, 8, 4], "texture": "#1"},
				"down": {"uv": [9, 5, 8, 6], "texture": "#1"}
			}
		},
		{
			"from": [6, 9, 6],
			"to": [10, 10, 10],
			"faces": {
				"north": {"uv": [8, 6, 10, 6.5], "texture": "#1"},
				"east": {"uv": [8, 6.5, 10, 7], "texture": "#1"},
				"south": {"uv": [8, 7, 10, 7.5], "texture": "#1"},
				"west": {"uv": [8, 7.5, 10, 8], "texture": "#1"},
				"up": {"uv": [10, 2, 8, 0], "texture": "#1"},
				"down": {"uv": [10, 2, 8, 4], "texture": "#1"}
			}
		},
		{
			"from": [7, 10, 7],
			"to": [9, 29, 8],
			"faces": {
				"north": {"uv": [2, 0, 3, 9.5], "texture": "#1"},
				"east": {"uv": [5, 0, 5.5, 9.5], "texture": "#1"},
				"south": {"uv": [3, 0, 4, 9.5], "texture": "#1"},
				"west": {"uv": [5.5, 0, 6, 9.5], "texture": "#1"},
				"up": {"uv": [10, 4.5, 9, 4], "texture": "#1"},
				"down": {"uv": [10, 4.5, 9, 5], "texture": "#1"}
			}
		}
	],
	"display": {
		"thirdperson_righthand": {
			"translation": [0, 1.75, 1.25]
		},
		"thirdperson_lefthand": {
			"translation": [0, 1.75, 1.25]
		},
		"firstperson_righthand": {
			"translation": [0, -3, 0]
		},
		"firstperson_lefthand": {
			"translation": [0, -3, 0]
		},
		"ground": {
			"rotation": [0, 0, 90],
			"scale": [0.6, 0.6, 0.6]
		},
		"gui": {
			"rotation": [47, 49, -47],
			"translation": [-2.75, -3.75, 0],
			"scale": [0.6, 0.6, 0.6]
		},
		"head": {
			"rotation": [0, 0, -90],
			"translation": [-9.5, 3.75, 0]
		},
		"fixed": {
			"rotation": [0, 90, 0],
			"translation": [0, 0, -1]
		}
	},
	"groups": [
		{
			"name": "group",
			"origin": [0, 0, 0],
			"color": 0,
			"children": [0, 1, 2, 3]
		}
	]
}