{
	"credit": "Made with Blockbench",
	"texture_size": [32, 32],
	"textures": {
		"0": "Obsidian staff text",
		"particle": "Obsidian staff text"
	},
	"elements": [
		{
			"from": [7, -3, 7],
			"to": [9, 21, 9],
			"faces": {
				"north": {"uv": [0, 0, 1, 12], "texture": "#0"},
				"east": {"uv": [1, 0, 2, 12], "texture": "#0"},
				"south": {"uv": [2, 0, 3, 12], "texture": "#0"},
				"west": {"uv": [3, 0, 4, 12], "texture": "#0"},
				"up": {"uv": [3, 13, 2, 12], "texture": "#0"},
				"down": {"uv": [13, 2, 12, 3], "texture": "#0"}
			}
		},
		{
			"from": [7, 23, 3],
			"to": [9, 31, 5],
			"faces": {
				"north": {"uv": [8, 0, 9, 4], "texture": "#0"},
				"east": {"uv": [8, 4, 9, 8], "texture": "#0"},
				"south": {"uv": [8, 8, 9, 12], "texture": "#0"},
				"west": {"uv": [9, 0, 10, 4], "texture": "#0"},
				"up": {"uv": [4, 13, 3, 12], "texture": "#0"},
				"down": {"uv": [13, 3, 12, 4], "texture": "#0"}
			}
		},
		{
			"from": [7, 23, 11],
			"to": [9, 31, 13],
			"faces": {
				"north": {"uv": [9, 4, 10, 8], "texture": "#0"},
				"east": {"uv": [9, 8, 10, 12], "texture": "#0"},
				"south": {"uv": [10, 0, 11, 4], "texture": "#0"},
				"west": {"uv": [4, 10, 5, 14], "texture": "#0"},
				"up": {"uv": [13, 5, 12, 4], "texture": "#0"},
				"down": {"uv": [13, 5, 12, 6], "texture": "#0"}
			}
		},
		{
			"from": [11, 23, 7],
			"to": [13, 31, 9],
			"faces": {
				"north": {"uv": [10, 4, 11, 8], "texture": "#0"},
				"east": {"uv": [5, 10, 6, 14], "texture": "#0"},
				"south": {"uv": [6, 10, 7, 14], "texture": "#0"},
				"west": {"uv": [7, 10, 8, 14], "texture": "#0"},
				"up": {"uv": [13, 7, 12, 6], "texture": "#0"},
				"down": {"uv": [13, 7, 12, 8], "texture": "#0"}
			}
		},
		{
			"from": [3, 23, 7],
			"to": [5, 31, 9],
			"faces": {
				"north": {"uv": [10, 8, 11, 12], "texture": "#0"},
				"east": {"uv": [11, 0, 12, 4], "texture": "#0"},
				"south": {"uv": [11, 4, 12, 8], "texture": "#0"},
				"west": {"uv": [11, 8, 12, 12], "texture": "#0"},
				"up": {"uv": [9, 13, 8, 12], "texture": "#0"},
				"down": {"uv": [13, 8, 12, 9], "texture": "#0"}
			}
		},
		{
			"from": [6, 22, 6],
			"to": [10, 32, 10],
			"faces": {
				"north": {"uv": [4, 0, 6, 5], "texture": "#0"},
				"east": {"uv": [4, 5, 6, 10], "texture": "#0"},
				"south": {"uv": [6, 0, 8, 5], "texture": "#0"},
				"west": {"uv": [6, 5, 8, 10], "texture": "#0"},
				"up": {"uv": [2, 14, 0, 12], "texture": "#0"},
				"down": {"uv": [14, 0, 12, 2], "texture": "#0"}
			}
		}
	],
	"display": {
		"thirdperson_righthand": {
			"translation": [0, 6.25, 1.5]
		},
		"thirdperson_lefthand": {
			"translation": [0, 5.75, 1.25]
		},
		"firstperson_righthand": {
			"rotation": [-46, 0, 0],
			"translation": [0, 1.25, 0]
		},
		"firstperson_lefthand": {
			"rotation": [-46, 0, 0],
			"translation": [0, 1.25, 0]
		},
		"ground": {
			"rotation": [90, 0, 0],
			"scale": [0.5, 0.5, 0.5]
		},
		"gui": {
			"rotation": [49, 29, -29],
			"translation": [-0.75, -2.5, 0],
			"scale": [0.5, 0.5, 0.5]
		},
		"head": {
			"translation": [-5.75, 9.25, 0]
		},
		"fixed": {
			"translation": [0, 0, -1]
		}
	},
	"groups": [
		{
			"name": "group",
			"origin": [0, 0, 0],
			"color": 0,
			"children": [0, 1, 2, 3, 4, 5]
		}
	]
}