{
	"credit": "Made with Blockbench",
	"texture_size": [32, 32],
	"textures": {
		"0": "SoulStaffText",
		"particle": "SoulStaffText"
	},
	"elements": [
		{
			"from": [7, -8, 7],
			"to": [9, 19, 9],
			"faces": {
				"north": {"uv": [0, 0, 1, 13.5], "texture": "#0"},
				"east": {"uv": [1, 0, 2, 13.5], "texture": "#0"},
				"south": {"uv": [2, 0, 3, 13.5], "texture": "#0"},
				"west": {"uv": [3, 0, 4, 13.5], "texture": "#0"},
				"up": {"uv": [8, 12, 7, 11], "texture": "#0"},
				"down": {"uv": [12, 11, 11, 12], "texture": "#0"}
			}
		},
		{
			"from": [6, 22, 6],
			"to": [10, 28, 10],
			"faces": {
				"north": {"uv": [4, 0, 6, 3], "texture": "#0"},
				"east": {"uv": [4, 3, 6, 6], "texture": "#0"},
				"south": {"uv": [6, 0, 8, 3], "texture": "#0"},
				"west": {"uv": [6, 3, 8, 6], "texture": "#0"},
				"up": {"uv": [7, 13, 5, 11], "texture": "#0"},
				"down": {"uv": [13, 9, 11, 11], "texture": "#0"}
			}
		},
		{
			"from": [7, 20, 12],
			"to": [9, 30, 14],
			"faces": {
				"north": {"uv": [4, 6, 5, 11], "texture": "#0"},
				"east": {"uv": [5, 6, 6, 11], "texture": "#0"},
				"south": {"uv": [6, 6, 7, 11], "texture": "#0"},
				"west": {"uv": [7, 6, 8, 11], "texture": "#0"},
				"up": {"uv": [13, 5, 12, 4], "texture": "#0"},
				"down": {"uv": [13, 5, 12, 6], "texture": "#0"}
			}
		},
		{
			"from": [7, 29, 3],
			"to": [9, 31, 13],
			"faces": {
				"north": {"uv": [12, 6, 13, 7], "texture": "#0"},
				"east": {"uv": [8, 0, 13, 1], "texture": "#0"},
				"south": {"uv": [7, 12, 8, 13], "texture": "#0"},
				"west": {"uv": [8, 1, 13, 2], "texture": "#0"},
				"up": {"uv": [9, 7, 8, 2], "texture": "#0"},
				"down": {"uv": [9, 7, 8, 12], "texture": "#0"}
			}
		},
		{
			"from": [7, 19, 3],
			"to": [9, 21, 13],
			"faces": {
				"north": {"uv": [12, 7, 13, 8], "texture": "#0"},
				"east": {"uv": [9, 2, 14, 3], "texture": "#0"},
				"south": {"uv": [8, 12, 9, 13], "texture": "#0"},
				"west": {"uv": [9, 3, 14, 4], "texture": "#0"},
				"up": {"uv": [10, 9, 9, 4], "texture": "#0"},
				"down": {"uv": [10, 9, 9, 14], "texture": "#0"}
			}
		},
		{
			"from": [7, 20, 2],
			"to": [9, 30, 4],
			"faces": {
				"north": {"uv": [10, 4, 11, 9], "texture": "#0"},
				"east": {"uv": [10, 9, 11, 14], "texture": "#0"},
				"south": {"uv": [4, 11, 5, 16], "texture": "#0"},
				"west": {"uv": [11, 4, 12, 9], "texture": "#0"},
				"up": {"uv": [13, 9, 12, 8], "texture": "#0"},
				"down": {"uv": [12, 12, 11, 13], "texture": "#0"}
			}
		}
	],
	"display": {
		"thirdperson_righthand": {
			"translation": [0, 7.25, 1],
			"scale": [0.8, 0.8, 0.8]
		},
		"thirdperson_lefthand": {
			"translation": [0, 7.25, 1],
			"scale": [0.8, 0.8, 0.8]
		},
		"firstperson_righthand": {
			"rotation": [-20, 0, 0]
		},
		"firstperson_lefthand": {
			"rotation": [-20, 0, 0]
		},
		"ground": {
			"rotation": [90, 90, 0],
			"scale": [0.6, 0.6, 0.6]
		},
		"gui": {
			"rotation": [-16, 38, -32],
			"translation": [-0.25, -1.5, 0],
			"scale": [0.5, 0.5, 0.5]
		},
		"head": {
			"translation": [-6.25, 14.75, 0]
		},
		"fixed": {
			"rotation": [0, 90, 0],
			"translation": [0, 0, -0.5]
		}
	},
	"groups": [
		{
			"name": "group",
			"origin": [0, 0, 0],
			"color": 0,
			"children": [0, 1, 2, 3, 4, 5]
		}
	]
}