{
	"credit": "Made with Blockbench",
	"texture_size": [32, 32],
	"textures": {
		"0": "Stone staff text",
		"particle": "Stone staff text"
	},
	"elements": [
		{
			"from": [7, -2, 7],
			"to": [9, 23, 9],
			"faces": {
				"north": {"uv": [0, 0, 1, 12.5], "texture": "#0"},
				"east": {"uv": [1, 0, 2, 12.5], "texture": "#0"},
				"south": {"uv": [2, 0, 3, 12.5], "texture": "#0"},
				"west": {"uv": [3, 0, 4, 12.5], "texture": "#0"},
				"up": {"uv": [11, 3, 10, 2], "texture": "#0"},
				"down": {"uv": [11, 3, 10, 4], "texture": "#0"}
			}
		},
		{
			"from": [5, 23, 5],
			"to": [11, 24, 11],
			"faces": {
				"north": {"uv": [10, 0, 13, 0.5], "texture": "#0"},
				"east": {"uv": [10, 0.5, 13, 1], "texture": "#0"},
				"south": {"uv": [10, 1, 13, 1.5], "texture": "#0"},
				"west": {"uv": [10, 1.5, 13, 2], "texture": "#0"},
				"up": {"uv": [7, 3, 4, 0], "texture": "#0"},
				"down": {"uv": [7, 3, 4, 6], "texture": "#0"}
			}
		},
		{
			"from": [5, 26, 5],
			"to": [11, 32, 11],
			"faces": {
				"north": {"uv": [4, 6, 7, 9], "texture": "#0"},
				"east": {"uv": [7, 0, 10, 3], "texture": "#0"},
				"south": {"uv": [7, 3, 10, 6], "texture": "#0"},
				"west": {"uv": [7, 6, 10, 9], "texture": "#0"},
				"up": {"uv": [7, 12, 4, 9], "texture": "#0"},
				"down": {"uv": [10, 9, 7, 12], "texture": "#0"}
			}
		}
	],
	"display": {
		"thirdperson_righthand": {
			"translation": [0, 4.75, 1.25]
		},
		"thirdperson_lefthand": {
			"translation": [0, 5, 1.25]
		},
		"firstperson_righthand": {
			"rotation": [-16, 0, 0],
			"translation": [0, 1.25, 0]
		},
		"firstperson_lefthand": {
			"rotation": [-16, 0, 0],
			"translation": [0, 1.25, 0]
		},
		"ground": {
			"rotation": [90, 0, 0],
			"scale": [0.5, 0.6, 0.5]
		},
		"gui": {
			"rotation": [30, 23, -29],
			"translation": [-1.25, -3.5, 0],
			"scale": [0.5, 0.5, 0.5]
		},
		"head": {
			"translation": [-5.5, 11, 0]
		},
		"fixed": {
			"translation": [0, 0, -1.5]
		}
	},
	"groups": [
		{
			"name": "group",
			"origin": [0, 0, 0],
			"color": 0,
			"children": [0, 1, 2]
		}
	]
}