{
	"format_version": "1.8.0",
	"animations": {
		"idle": {
			"loop": true,
			"animation_length": 0.5,
			"bones": {
				"head": {
					"rotation": {
						"0.0": {
							"vector": [0, 0, 0]
						},
						"0.25": {
							"vector": [-2.5, 0, 0]
						},
						"0.5": {
							"vector": [0, 0, 0]
						}
					}
				},
				"LeftArm": {
					"rotation": {
						"0.0": {
							"vector": [0, 0, 0]
						},
						"0.25": {
							"vector": [0, 0, -5]
						},
						"0.5": {
							"vector": [0, 0, 0]
						}
					}
				}
			}
		},
		"walk": {
			"loop": true,
			"animation_length": 1.33333,
			"bones": {
				"head": {
					"rotation": {
						"0.0": {
							"vector": [5, 0, 0]
						},
						"0.7083": {
							"vector": [0, 0, 0]
						},
						"1.3333": {
							"vector": [5, 0, 0]
						}
					}
				},
				"RightArm": {
					"rotation": {
						"0.0": {
							"vector": [12.5, 0, 0]
						},
						"0.1667": {
							"vector": [-5, 0, 0]
						},
						"0.3333": {
							"vector": [0, 0, 0]
						},
						"0.5": {
							"vector": [2.5, 0, 0]
						},
						"0.6667": {
							"vector": [12.5, 0, 0]
						},
						"0.8333": {
							"vector": [-5, 0, 0]
						},
						"1.0": {
							"vector": [-2.5, 0, 0]
						},
						"1.1667": {
							"vector": [0, 0, 0]
						},
						"1.3333": {
							"vector": [12.5, 0, 0]
						}
					}
				},
				"LeftArm": {
					"rotation": {
						"0.0": {
							"vector": [-10, 0, 0]
						},
						"0.1667": {
							"vector": [0, 0, 0]
						},
						"0.3333": {
							"vector": [10, 0, 0]
						},
						"0.5": {
							"vector": [0, 0, 0]
						},
						"0.6667": {
							"vector": [-10, 0, 0]
						},
						"0.8333": {
							"vector": [0, 0, 0]
						},
						"1.0": {
							"vector": [10, 0, 0]
						},
						"1.1667": {
							"vector": [0, 0, 0]
						},
						"1.3333": {
							"vector": [-10, 0, 0]
						}
					}
				},
				"RightLeg": {
					"rotation": {
						"0.0": {
							"vector": [-10, 0, 0]
						},
						"0.1667": {
							"vector": [0, 0, 0]
						},
						"0.3333": {
							"vector": [10, 0, 0]
						},
						"0.5": {
							"vector": [0, 0, 0]
						},
						"0.6667": {
							"vector": [-10, 0, 0]
						},
						"0.8333": {
							"vector": [0, 0, 0]
						},
						"1.0": {
							"vector": [10, 0, 0]
						},
						"1.1667": {
							"vector": [0, 0, 0]
						},
						"1.3333": {
							"vector": [-10, 0, 0]
						}
					}
				},
				"Leftleg": {
					"rotation": {
						"0.0": {
							"vector": [10, 0, 0]
						},
						"0.1667": {
							"vector": [0, 0, 0]
						},
						"0.3333": {
							"vector": [-10, 0, 0]
						},
						"0.5": {
							"vector": [0, 0, 0]
						},
						"0.6667": {
							"vector": [10, 0, 0]
						},
						"0.8333": {
							"vector": [0, 0, 0]
						},
						"1.0": {
							"vector": [-10, 0, 0]
						},
						"1.1667": {
							"vector": [0, 0, 0]
						},
						"1.3333": {
							"vector": [10, 0, 0]
						}
					}
				}
			}
		},
		"attack": {
			"animation_length": 0.66667,
			"bones": {
				"hat": {
					"position": {
						"0.0": {
							"vector": [0, 0, 0]
						},
						"0.375": {
							"vector": [0, 0, 0]
						},
						"0.4583": {
							"vector": [0, 2, 0]
						},
						"0.6667": {
							"vector": [0, 0, 0]
						}
					}
				},
				"RightArm": {
					"rotation": {
						"0.0": {
							"vector": [0, 0, 0]
						},
						"0.25": {
							"vector": [-67.5, 0, 0]
						},
						"0.4167": {
							"vector": [0, 0, 0]
						},
						"0.4583": {
							"vector": [-2.5, 0, 0]
						},
						"0.5417": {
							"vector": [0, 0, 0]
						}
					}
				},
				"staff": {
					"rotation": {
						"0.0": {
							"vector": [0, 0, 0]
						},
						"0.25": {
							"vector": [0, 0, 0]
						},
						"0.4167": {
							"vector": [85, 0, 0]
						},
						"0.4583": {
							"vector": [85, 0, 0]
						},
						"0.5417": {
							"vector": [-12.5, 0, 0]
						},
						"0.6667": {
							"vector": [0, 0, 0]
						}
					},
					"position": {
						"0.0": {
							"vector": [0, 0, 0]
						},
						"0.0417": {
							"vector": [0, 2, 0]
						},
						"0.0833": {
							"vector": [0, 4, 0]
						},
						"0.125": {
							"vector": [0, 6, 0]
						},
						"0.1667": {
							"vector": [0, 7, 0]
						},
						"0.25": {
							"vector": [0, 23, 0]
						},
						"0.4167": {
							"vector": [0, 2, -23]
						},
						"0.5417": {
							"vector": [0, 8, 1]
						},
						"0.6667": {
							"vector": [0, 0, 0]
						}
					}
				}
			}
		},
		"death": {
			"loop": "hold_on_last_frame",
			"animation_length": 0.58333,
			"bones": {
				"body": {
					"rotation": {
						"0.0": {
							"vector": [0, 0, 0]
						},
						"0.1667": {
							"vector": [-45, 0, 0]
						},
						"0.3333": {
							"vector": [-112.5, 0, 0]
						}
					},
					"position": {
						"0.0": {
							"vector": [0, 0, 0]
						},
						"0.3333": {
							"vector": [0, 9, 0]
						}
					}
				},
				"head": {
					"rotation": {
						"0.0": {
							"vector": [0, 0, 0]
						},
						"0.3333": {
							"vector": [75.88649, -79.69532, -76.10524]
						}
					}
				},
				"hat": {
					"rotation": {
						"vector": [0, 0, 0]
					},
					"position": {
						"0.0": {
							"vector": [0, 0, 0]
						},
						"0.2917": {
							"vector": [0, 0, 0]
						},
						"0.5833": {
							"vector": [0, 16, 0]
						}
					}
				},
				"RightArm": {
					"rotation": {
						"0.0": {
							"vector": [0, 0, 0]
						},
						"0.2083": {
							"vector": [-22.5, 0, 0]
						},
						"0.5833": {
							"vector": [-87.5, 0, 0]
						}
					}
				},
				"staff": {
					"rotation": {
						"0.0": {
							"vector": [0, 0, 0]
						},
						"0.2083": {
							"vector": [32.5, 0, 0]
						},
						"0.5833": {
							"vector": [112.5, 0, 0]
						}
					},
					"position": {
						"0.2083": {
							"vector": [0, 5, -3]
						},
						"0.5833": {
							"vector": [0, -11, -37]
						}
					}
				},
				"LeftArm": {
					"rotation": {
						"0.0": {
							"vector": [0, 0, 0]
						},
						"0.2083": {
							"vector": [-65, 0, 0]
						},
						"0.375": {
							"vector": [-182.5, 0, 0]
						}
					}
				},
				"RightLeg": {
					"rotation": {
						"0.0": {
							"vector": [0, 0, 0]
						},
						"0.3333": {
							"vector": [-50, 0, 0]
						},
						"0.5417": {
							"vector": [52.5, 0, 0]
						}
					}
				},
				"Leftleg": {
					"rotation": {
						"0.0": {
							"vector": [0, 0, 0]
						},
						"0.3333": {
							"vector": [-30, 0, 0]
						},
						"0.5417": {
							"vector": [55, 0, 0]
						}
					}
				}
			}
		}
	},
	"geckolib_format_version": 2
}