{
  "credit": "Made with Blockbench",
  "texture_size": [
    64,
    64
  ],
  "elements": [
    {
      "from": [
        5,
        18,
        5
      ],
      "to": [
        11,
        25,
        11
      ],
      "faces": {
        "north": {
          "uv": [
            4.5,
            6,
            6,
            7.75
          ],
          "texture": "#0"
        },
        "east": {
          "uv": [
            6,
            6,
            7.5,
            7.75
          ],
          "texture": "#0"
        },
        "south": {
          "uv": [
            1.5,
            6.25,
            3,
            8
          ],
          "texture": "#0"
        },
        "west": {
          "uv": [
            6.75,
            0,
            8.25,
            1.75
          ],
          "texture": "#0"
        },
        "up": {
          "uv": [
            8.25,
            3.25,
            6.75,
            1.75
          ],
          "texture": "#0"
        },
        "down": {
          "uv": [
            8.25,
            3.25,
            6.75,
            4.75
          ],
          "texture": "#0"
        }
      }
    },
    {
      "from": [
        6,
        -16,
        6
      ],
      "to": [
        10,
        -12,
        10
      ],
      "faces": {
        "north": {
          "uv": [
            6.5,
            7.75,
            7.5,
            8.75
          ],
          "texture": "#0"
        },
        "east": {
          "uv": [
            1.5,
            8,
            2.5,
            9
          ],
          "texture": "#0"
        },
        "south": {
          "uv": [
            8.25,
            0,
            9.25,
            1
          ],
          "texture": "#0"
        },
        "west": {
          "uv": [
            8.25,
            1,
            9.25,
            2
          ],
          "texture": "#0"
        },
        "up": {
          "uv": [
            9.25,
            3,
            8.25,
            2
          ],
          "texture": "#0"
        },
        "down": {
          "uv": [
            9.25,
            3,
            8.25,
            4
          ],
          "texture": "#0"
        }
      }
    },
    {
      "from": [
        7,
        -12,
        7
      ],
      "to": [
        9,
        29,
        9
      ],
      "faces": {
        "north": {
          "uv": [
            4,
            0,
            4.5,
            10.25
          ],
          "texture": "#0"
        },
        "east": {
          "uv": [
            0,
            4.25,
            0.5,
            14.5
          ],
          "texture": "#0"
        },
        "south": {
          "uv": [
            0.5,
            4.25,
            1,
            14.5
          ],
          "texture": "#0"
        },
        "west": {
          "uv": [
            1,
            4.25,
            1.5,
            14.5
          ],
          "texture": "#0"
        },
        "up": {
          "uv": [
            7.25,
            6,
            6.75,
            5.5
          ],
          "texture": "#0"
        },
        "down": {
          "uv": [
            7.5,
            8.75,
            7,
            9.25
          ],
          "texture": "#0"
        }
      }
    },
    {
      "from": [
        7,
        18,
        2
      ],
      "to": [
        9,
        25,
        5
      ],
      "faces": {
        "north": {
          "uv": [
            8.75,
            4,
            9.25,
            5.75
          ],
          "texture": "#0"
        },
        "east": {
          "uv": [
            7.5,
            4.75,
            8.25,
            6.5
          ],
          "texture": "#0"
        },
        "south": {
          "uv": [
            8.75,
            5.75,
            9.25,
            7.5
          ],
          "texture": "#0"
        },
        "west": {
          "uv": [
            7.5,
            6.5,
            8.25,
            8.25
          ],
          "texture": "#0"
        },
        "up": {
          "uv": [
            7.25,
            5.5,
            6.75,
            4.75
          ],
          "texture": "#0"
        },
        "down": {
          "uv": [
            7,
            8.75,
            6.5,
            9.5
          ],
          "texture": "#0"
        }
      }
    },
    {
      "from": [
        7,
        12,
        -6
      ],
      "to": [
        9,
        29,
        2
      ],
      "faces": {
        "north": {
          "uv": [
            3,
            6.25,
            3.5,
            10.5
          ],
          "texture": "#0"
        },
        "east": {
          "uv": [
            0,
            0,
            2,
            4.25
          ],
          "texture": "#0"
        },
        "south": {
          "uv": [
            3.5,
            6.25,
            4,
            10.5
          ],
          "texture": "#0"
        },
        "west": {
          "uv": [
            2,
            0,
            4,
            4.25
          ],
          "texture": "#0"
        },
        "up": {
          "uv": [
            3,
            10,
            2.5,
            8
          ],
          "texture": "#0"
        },
        "down": {
          "uv": [
            8.75,
            4,
            8.25,
            6
          ],
          "texture": "#0"
        }
      }
    },
    {
      "from": [
        7,
        24,
        -16
      ],
      "to": [
        9,
        32,
        -6.75
      ],
      "rotation": {
        "angle": 22.5,
        "axis": "x",
        "origin": [
          0,
          0,
          0
        ]
      },
      "faces": {
        "north": {
          "uv": [
            8.25,
            6,
            8.75,
            8
          ],
          "texture": "#0"
        },
        "east": {
          "uv": [
            1.5,
            4.25,
            3.75,
            6.25
          ],
          "texture": "#0"
        },
        "south": {
          "uv": [
            7.5,
            8.25,
            8,
            10.25
          ],
          "texture": "#0"
        },
        "west": {
          "uv": [
            4.5,
            0,
            6.75,
            2
          ],
          "texture": "#0"
        },
        "up": {
          "uv": [
            5,
            10,
            4.5,
            7.75
          ],
          "texture": "#0"
        },
        "down": {
          "uv": [
            5.5,
            7.75,
            5,
            10
          ],
          "texture": "#0"
        }
      }
    },
    {
      "from": [
        7,
        6,
        0
      ],
      "to": [
        9,
        14,
        9.25
      ],
      "rotation": {
        "angle": -22.5,
        "axis": "x",
        "origin": [
          0,
          0,
          0
        ]
      },
      "faces": {
        "north": {
          "uv": [
            8,
            8.25,
            8.5,
            10.25
          ],
          "texture": "#0"
        },
        "east": {
          "uv": [
            4.5,
            2,
            6.75,
            4
          ],
          "texture": "#0"
        },
        "south": {
          "uv": [
            8.5,
            8,
            9,
            10
          ],
          "texture": "#0"
        },
        "west": {
          "uv": [
            4.5,
            4,
            6.75,
            6
          ],
          "texture": "#0"
        },
        "up": {
          "uv": [
            6,
            10,
            5.5,
            7.75
          ],
          "texture": "#0"
        },
        "down": {
          "uv": [
            6.5,
            7.75,
            6,
            10
          ],
          "texture": "#0"
        }
      }
    }
  ],
  "display": {
    "thirdperson_righthand": {
      "translation": [
        0,
        11.25,
        1.25
      ]
    },
    "thirdperson_lefthand": {
      "translation": [
        0,
        11.25,
        1.25
      ]
    },
    "firstperson_righthand": {
      "rotation": [
        37,
        0,
        0
      ],
      "translation": [
        0,
        -3,
        0
      ]
    },
    "firstperson_lefthand": {
      "rotation": [
        37,
        0,
        0
      ],
      "translation": [
        0,
        -3,
        0
      ]
    },
    "ground": {
      "rotation": [
        90,
        90,
        0
      ],
      "scale": [
        0.6,
        0.6,
        0.6
      ]
    },
    "gui": {
      "rotation": [
        53,
        37,
        -67
      ],
      "translation": [
        0,
        -1.75,
        0
      ],
      "scale": [
        0.4,
        0.4,
        0.4
      ]
    },
    "head": {
      "rotation": [
        -91,
        -36,
        93
      ],
      "translation": [
        5.5,
        25,
        -1
      ]
    },
    "fixed": {
      "rotation": [
        0,
        90,
        0
      ],
      "translation": [
        0,
        0,
        -0.75
      ]
    }
  },
  "groups": [
    {
      "name": "group",
      "origin": [
        0,
        0,
        0
      ],
      "color": 0,
      "children": [
        0,
        1,
        2,
        3,
        4,
        5,
        6
      ]
    }
  ]
}