{
  "credit": "Made with Blockbench",
  "texture_size": [
    32,
    32
  ],
  "elements": [
    {
      "from": [
        7,
        26,
        8
      ],
      "to": [
        9,
        32,
        9
      ],
      "faces": {
        "north": {
          "uv": [
            4,
            0,
            5,
            10.5
          ],
          "texture": "#0"
        },
        "east": {
          "uv": [
            5,
            0,
            6,
            10.5
          ],
          "texture": "#0"
        },
        "south": {
          "uv": [
            6,
            0,
            7,
            10.5
          ],
          "texture": "#0"
        },
        "west": {
          "uv": [
            7,
            0,
            8,
            10.5
          ],
          "texture": "#0"
        },
        "up": {
          "uv": [
            11,
            5,
            10,
            4
          ],
          "texture": "#0"
        },
        "down": {
          "uv": [
            11,
            5,
            10,
            6
          ],
          "texture": "#0"
        }
      }
    },
    {
      "from": [
        7,
        -7,
        7
      ],
      "to": [
        9,
        -1,
        9
      ],
      "faces": {
        "north": {
          "uv": [
            8,
            4,
            9,
            7
          ],
          "texture": "#0"
        },
        "east": {
          "uv": [
            8,
            7,
            9,
            10
          ],
          "texture": "#0"
        },
        "south": {
          "uv": [
            9,
            4,
            10,
            7
          ],
          "texture": "#0"
        },
        "west": {
          "uv": [
            9,
            7,
            10,
            10
          ],
          "texture": "#0"
        },
        "up": {
          "uv": [
            11,
            7,
            10,
            6
          ],
          "texture": "#0"
        },
        "down": {
          "uv": [
            11,
            7,
            10,
            8
          ],
          "texture": "#0"
        }
      }
    },
    {
      "from": [
        6,
        -1,
        6
      ],
      "to": [
        10,
        1,
        10
      ],
      "faces": {
        "north": {
          "uv": [
            10,
            0,
            12,
            1
          ],
          "texture": "#0"
        },
        "east": {
          "uv": [
            10,
            1,
            12,
            2
          ],
          "texture": "#0"
        },
        "south": {
          "uv": [
            10,
            2,
            12,
            3
          ],
          "texture": "#0"
        },
        "west": {
          "uv": [
            10,
            3,
            12,
            4
          ],
          "texture": "#0"
        },
        "up": {
          "uv": [
            10,
            2,
            8,
            0
          ],
          "texture": "#0"
        },
        "down": {
          "uv": [
            10,
            2,
            8,
            4
          ],
          "texture": "#0"
        }
      }
    },
    {
      "from": [
        7,
        1,
        7
      ],
      "to": [
        9,
        26,
        9
      ],
      "faces": {
        "north": {
          "uv": [
            0,
            0,
            1,
            12.5
          ],
          "texture": "#0"
        },
        "east": {
          "uv": [
            1,
            0,
            2,
            12.5
          ],
          "texture": "#0"
        },
        "south": {
          "uv": [
            2,
            0,
            3,
            12.5
          ],
          "texture": "#0"
        },
        "west": {
          "uv": [
            3,
            0,
            4,
            12.5
          ],
          "texture": "#0"
        },
        "up": {
          "uv": [
            9,
            11,
            8,
            10
          ],
          "texture": "#0"
        },
        "down": {
          "uv": [
            11,
            8,
            10,
            9
          ],
          "texture": "#0"
        }
      }
    }
  ],
  "display": {
    "thirdperson_righthand": {
      "translation": [
        0,
        9.75,
        1.25
      ]
    },
    "thirdperson_lefthand": {
      "translation": [
        0,
        9.25,
        1.25
      ]
    },
    "firstperson_righthand": {
      "rotation": [
        -13,
        0,
        0
      ],
      "translation": [
        0,
        6.75,
        0
      ]
    },
    "firstperson_lefthand": {
      "rotation": [
        -13,
        0,
        0
      ],
      "translation": [
        0,
        6.75,
        0
      ]
    },
    "ground": {
      "rotation": [
        90,
        0,
        0
      ],
      "scale": [
        0.6,
        0.6,
        0.6
      ]
    },
    "gui": {
      "rotation": [
        46,
        47,
        -62
      ],
      "translation": [
        -0.75,
        -1.75,
        0
      ],
      "scale": [
        0.5,
        0.5,
        0.5
      ]
    },
    "head": {
      "rotation": [
        -51,
        0,
        0
      ],
      "translation": [
        0,
        6.5,
        -6.5
      ]
    },
    "fixed": {
      "translation": [
        0,
        0,
        -1
      ]
    }
  },
  "groups": [
    {
      "name": "group",
      "origin": [
        0,
        0,
        0
      ],
      "color": 0,
      "children": [
        0,
        1,
        2,
        3
      ]
    }
  ]
}