{
  "credit": "Made with Blockbench",
  "texture_size": [
    128,
    128
  ],
  "elements": [
    {
      "from": [
        6,
        -7,
        6
      ],
      "to": [
        10,
        -3,
        10
      ],
      "faces": {
        "north": {
          "uv": [
            3.625,
            2.25,
            4.125,
            2.75
          ],
          "texture": "#0"
        },
        "east": {
          "uv": [
            1,
            4.125,
            1.5,
            4.625
          ],
          "texture": "#0"
        },
        "south": {
          "uv": [
            1.5,
            4.125,
            2,
            4.625
          ],
          "texture": "#0"
        },
        "west": {
          "uv": [
            4.125,
            2.25,
            4.625,
            2.75
          ],
          "texture": "#0"
        },
        "up": {
          "uv": [
            4.75,
            4.375,
            4.25,
            3.875
          ],
          "texture": "#0"
        },
        "down": {
          "uv": [
            4.75,
            4.375,
            4.25,
            4.875
          ],
          "texture": "#0"
        }
      }
    },
    {
      "from": [
        7,
        -3,
        7
      ],
      "to": [
        9,
        32,
        9
      ],
      "faces": {
        "north": {
          "uv": [
            2.25,
            3.875,
            2.5,
            8.25
          ],
          "texture": "#0"
        },
        "east": {
          "uv": [
            2.5,
            3.875,
            2.75,
            8.25
          ],
          "texture": "#0"
        },
        "south": {
          "uv": [
            2.75,
            3.875,
            3,
            8.25
          ],
          "texture": "#0"
        },
        "west": {
          "uv": [
            3,
            3.875,
            3.25,
            8.25
          ],
          "texture": "#0"
        },
        "up": {
          "uv": [
            2.25,
            4.375,
            2,
            4.125
          ],
          "texture": "#0"
        },
        "down": {
          "uv": [
            2.25,
            4.375,
            2,
            4.625
          ],
          "texture": "#0"
        }
      }
    },
    {
      "from": [
        6,
        25,
        6
      ],
      "to": [
        10,
        30,
        10
      ],
      "faces": {
        "north": {
          "uv": [
            3.25,
            3.875,
            3.75,
            4.5
          ],
          "texture": "#0"
        },
        "east": {
          "uv": [
            3.75,
            3.875,
            4.25,
            4.5
          ],
          "texture": "#0"
        },
        "south": {
          "uv": [
            0,
            4.125,
            0.5,
            4.75
          ],
          "texture": "#missing"
        },
        "west": {
          "uv": [
            0.5,
            4.125,
            1,
            4.75
          ],
          "texture": "#0"
        },
        "up": {
          "uv": [
            3.75,
            5,
            3.25,
            4.5
          ],
          "texture": "#0"
        },
        "down": {
          "uv": [
            4.25,
            4.5,
            3.75,
            5
          ],
          "texture": "#0"
        }
      }
    },
    {
      "from": [
        3,
        21,
        -3
      ],
      "to": [
        13,
        32,
        6
      ],
      "faces": {
        "north": {
          "uv": [
            0,
            0,
            1.25,
            1.375
          ],
          "texture": "#0"
        },
        "east": {
          "uv": [
            2.5,
            0,
            3.625,
            1.375
          ],
          "texture": "#0"
        },
        "south": {
          "uv": [
            1.25,
            0,
            2.5,
            1.375
          ],
          "texture": "#0"
        },
        "west": {
          "uv": [
            2.5,
            1.375,
            3.625,
            2.75
          ],
          "texture": "#0"
        },
        "up": {
          "uv": [
            3.5,
            3.875,
            2.25,
            2.75
          ],
          "texture": "#0"
        },
        "down": {
          "uv": [
            4.75,
            2.75,
            3.5,
            3.875
          ],
          "texture": "#0"
        }
      }
    },
    {
      "from": [
        3,
        21,
        10
      ],
      "to": [
        13,
        32,
        19
      ],
      "faces": {
        "north": {
          "uv": [
            0,
            1.375,
            1.25,
            2.75
          ],
          "texture": "#0"
        },
        "east": {
          "uv": [
            0,
            2.75,
            1.125,
            4.125
          ],
          "texture": "#0"
        },
        "south": {
          "uv": [
            1.25,
            1.375,
            2.5,
            2.75
          ],
          "texture": "#0"
        },
        "west": {
          "uv": [
            1.125,
            2.75,
            2.25,
            4.125
          ],
          "texture": "#0"
        },
        "up": {
          "uv": [
            4.875,
            1.125,
            3.625,
            0
          ],
          "texture": "#0"
        },
        "down": {
          "uv": [
            4.875,
            1.125,
            3.625,
            2.25
          ],
          "texture": "#0"
        }
      }
    },
    {
      "from": [
        3,
        21,
        -4
      ],
      "to": [
        13,
        32,
        -3
      ],
      "faces": {
        "north": {
          "uv": [
            0,
            0,
            1.25,
            1.375
          ],
          "texture": "#0"
        },
        "east": {
          "uv": [
            0,
            0,
            0.125,
            1.375
          ],
          "texture": "#0"
        },
        "south": {
          "uv": [
            0,
            0,
            1.25,
            1.375
          ],
          "texture": "#missing"
        },
        "west": {
          "uv": [
            0,
            0,
            0.125,
            1.375
          ],
          "texture": "#0"
        },
        "up": {
          "uv": [
            0,
            0,
            1.25,
            0.125
          ],
          "texture": "#0"
        },
        "down": {
          "uv": [
            0,
            0,
            1.25,
            0.125
          ],
          "texture": "#0"
        }
      }
    },
    {
      "from": [
        4,
        22,
        -5
      ],
      "to": [
        5,
        23,
        -4
      ],
      "faces": {
        "north": {
          "uv": [
            0,
            0,
            0.125,
            0.125
          ],
          "texture": "#0"
        },
        "east": {
          "uv": [
            0,
            0,
            0.125,
            0.125
          ],
          "texture": "#0"
        },
        "south": {
          "uv": [
            0,
            0,
            0.125,
            0.125
          ],
          "texture": "#missing"
        },
        "west": {
          "uv": [
            0,
            0,
            0.125,
            0.125
          ],
          "texture": "#0"
        },
        "up": {
          "uv": [
            0,
            0,
            0.125,
            0.125
          ],
          "texture": "#0"
        },
        "down": {
          "uv": [
            0,
            0,
            0.125,
            0.125
          ],
          "texture": "#0"
        }
      }
    },
    {
      "from": [
        6,
        22,
        -5
      ],
      "to": [
        7,
        23,
        -4
      ],
      "faces": {
        "north": {
          "uv": [
            0,
            0,
            0.125,
            0.125
          ],
          "texture": "#0"
        },
        "east": {
          "uv": [
            0,
            0,
            0.125,
            0.125
          ],
          "texture": "#0"
        },
        "south": {
          "uv": [
            0,
            0,
            0.125,
            0.125
          ],
          "texture": "#missing"
        },
        "west": {
          "uv": [
            0,
            0,
            0.125,
            0.125
          ],
          "texture": "#0"
        },
        "up": {
          "uv": [
            0,
            0,
            0.125,
            0.125
          ],
          "texture": "#0"
        },
        "down": {
          "uv": [
            0,
            0,
            0.125,
            0.125
          ],
          "texture": "#0"
        }
      }
    },
    {
      "from": [
        8,
        22,
        -5
      ],
      "to": [
        9,
        23,
        -4
      ],
      "faces": {
        "north": {
          "uv": [
            0,
            0,
            0.125,
            0.125
          ],
          "texture": "#0"
        },
        "east": {
          "uv": [
            0,
            0,
            0.125,
            0.125
          ],
          "texture": "#0"
        },
        "south": {
          "uv": [
            0,
            0,
            0.125,
            0.125
          ],
          "texture": "#missing"
        },
        "west": {
          "uv": [
            0,
            0,
            0.125,
            0.125
          ],
          "texture": "#0"
        },
        "up": {
          "uv": [
            0,
            0,
            0.125,
            0.125
          ],
          "texture": "#0"
        },
        "down": {
          "uv": [
            0,
            0,
            0.125,
            0.125
          ],
          "texture": "#0"
        }
      }
    },
    {
      "from": [
        10,
        22,
        -5
      ],
      "to": [
        11,
        23,
        -4
      ],
      "faces": {
        "north": {
          "uv": [
            0,
            0,
            0.125,
            0.125
          ],
          "texture": "#0"
        },
        "east": {
          "uv": [
            0,
            0,
            0.125,
            0.125
          ],
          "texture": "#0"
        },
        "south": {
          "uv": [
            0,
            0,
            0.125,
            0.125
          ],
          "texture": "#missing"
        },
        "west": {
          "uv": [
            0,
            0,
            0.125,
            0.125
          ],
          "texture": "#0"
        },
        "up": {
          "uv": [
            0,
            0,
            0.125,
            0.125
          ],
          "texture": "#0"
        },
        "down": {
          "uv": [
            0,
            0,
            0.125,
            0.125
          ],
          "texture": "#0"
        }
      }
    },
    {
      "from": [
        12,
        22,
        -5
      ],
      "to": [
        13,
        23,
        -4
      ],
      "faces": {
        "north": {
          "uv": [
            0,
            0,
            0.125,
            0.125
          ],
          "texture": "#0"
        },
        "east": {
          "uv": [
            0,
            0,
            0.125,
            0.125
          ],
          "texture": "#0"
        },
        "south": {
          "uv": [
            0,
            0,
            0.125,
            0.125
          ],
          "texture": "#missing"
        },
        "west": {
          "uv": [
            0,
            0,
            0.125,
            0.125
          ],
          "texture": "#0"
        },
        "up": {
          "uv": [
            0,
            0,
            0.125,
            0.125
          ],
          "texture": "#0"
        },
        "down": {
          "uv": [
            0,
            0,
            0.125,
            0.125
          ],
          "texture": "#0"
        }
      }
    },
    {
      "from": [
        12,
        24,
        -5
      ],
      "to": [
        13,
        25,
        -4
      ],
      "faces": {
        "north": {
          "uv": [
            0,
            0,
            0.125,
            0.125
          ],
          "texture": "#0"
        },
        "east": {
          "uv": [
            0,
            0,
            0.125,
            0.125
          ],
          "texture": "#0"
        },
        "south": {
          "uv": [
            0,
            0,
            0.125,
            0.125
          ],
          "texture": "#missing"
        },
        "west": {
          "uv": [
            0,
            0,
            0.125,
            0.125
          ],
          "texture": "#0"
        },
        "up": {
          "uv": [
            0,
            0,
            0.125,
            0.125
          ],
          "texture": "#0"
        },
        "down": {
          "uv": [
            0,
            0,
            0.125,
            0.125
          ],
          "texture": "#0"
        }
      }
    },
    {
      "from": [
        12,
        26,
        -5
      ],
      "to": [
        13,
        27,
        -4
      ],
      "faces": {
        "north": {
          "uv": [
            0,
            0,
            0.125,
            0.125
          ],
          "texture": "#0"
        },
        "east": {
          "uv": [
            0,
            0,
            0.125,
            0.125
          ],
          "texture": "#0"
        },
        "south": {
          "uv": [
            0,
            0,
            0.125,
            0.125
          ],
          "texture": "#missing"
        },
        "west": {
          "uv": [
            0,
            0,
            0.125,
            0.125
          ],
          "texture": "#0"
        },
        "up": {
          "uv": [
            0,
            0,
            0.125,
            0.125
          ],
          "texture": "#0"
        },
        "down": {
          "uv": [
            0,
            0,
            0.125,
            0.125
          ],
          "texture": "#0"
        }
      }
    },
    {
      "from": [
        12,
        28,
        -5
      ],
      "to": [
        13,
        29,
        -4
      ],
      "faces": {
        "north": {
          "uv": [
            0,
            0,
            0.125,
            0.125
          ],
          "texture": "#0"
        },
        "east": {
          "uv": [
            0,
            0,
            0.125,
            0.125
          ],
          "texture": "#0"
        },
        "south": {
          "uv": [
            0,
            0,
            0.125,
            0.125
          ],
          "texture": "#missing"
        },
        "west": {
          "uv": [
            0,
            0,
            0.125,
            0.125
          ],
          "texture": "#0"
        },
        "up": {
          "uv": [
            0,
            0,
            0.125,
            0.125
          ],
          "texture": "#0"
        },
        "down": {
          "uv": [
            0,
            0,
            0.125,
            0.125
          ],
          "texture": "#0"
        }
      }
    },
    {
      "from": [
        12,
        30,
        -5
      ],
      "to": [
        13,
        31,
        -4
      ],
      "faces": {
        "north": {
          "uv": [
            0,
            0,
            0.125,
            0.125
          ],
          "texture": "#0"
        },
        "east": {
          "uv": [
            0,
            0,
            0.125,
            0.125
          ],
          "texture": "#0"
        },
        "south": {
          "uv": [
            0,
            0,
            0.125,
            0.125
          ],
          "texture": "#missing"
        },
        "west": {
          "uv": [
            0,
            0,
            0.125,
            0.125
          ],
          "texture": "#0"
        },
        "up": {
          "uv": [
            0,
            0,
            0.125,
            0.125
          ],
          "texture": "#0"
        },
        "down": {
          "uv": [
            0,
            0,
            0.125,
            0.125
          ],
          "texture": "#0"
        }
      }
    },
    {
      "from": [
        10,
        30,
        -5
      ],
      "to": [
        11,
        31,
        -4
      ],
      "faces": {
        "north": {
          "uv": [
            0,
            0,
            0.125,
            0.125
          ],
          "texture": "#0"
        },
        "east": {
          "uv": [
            0,
            0,
            0.125,
            0.125
          ],
          "texture": "#0"
        },
        "south": {
          "uv": [
            0,
            0,
            0.125,
            0.125
          ],
          "texture": "#missing"
        },
        "west": {
          "uv": [
            0,
            0,
            0.125,
            0.125
          ],
          "texture": "#0"
        },
        "up": {
          "uv": [
            0,
            0,
            0.125,
            0.125
          ],
          "texture": "#0"
        },
        "down": {
          "uv": [
            0,
            0,
            0.125,
            0.125
          ],
          "texture": "#0"
        }
      }
    },
    {
      "from": [
        8,
        30,
        -5
      ],
      "to": [
        9,
        31,
        -4
      ],
      "faces": {
        "north": {
          "uv": [
            0,
            0,
            0.125,
            0.125
          ],
          "texture": "#0"
        },
        "east": {
          "uv": [
            0,
            0,
            0.125,
            0.125
          ],
          "texture": "#0"
        },
        "south": {
          "uv": [
            0,
            0,
            0.125,
            0.125
          ],
          "texture": "#missing"
        },
        "west": {
          "uv": [
            0,
            0,
            0.125,
            0.125
          ],
          "texture": "#0"
        },
        "up": {
          "uv": [
            0,
            0,
            0.125,
            0.125
          ],
          "texture": "#0"
        },
        "down": {
          "uv": [
            0,
            0,
            0.125,
            0.125
          ],
          "texture": "#0"
        }
      }
    },
    {
      "from": [
        4,
        28,
        -5
      ],
      "to": [
        5,
        29,
        -4
      ],
      "faces": {
        "north": {
          "uv": [
            0,
            0,
            0.125,
            0.125
          ],
          "texture": "#0"
        },
        "east": {
          "uv": [
            0,
            0,
            0.125,
            0.125
          ],
          "texture": "#0"
        },
        "south": {
          "uv": [
            0,
            0,
            0.125,
            0.125
          ],
          "texture": "#missing"
        },
        "west": {
          "uv": [
            0,
            0,
            0.125,
            0.125
          ],
          "texture": "#0"
        },
        "up": {
          "uv": [
            0,
            0,
            0.125,
            0.125
          ],
          "texture": "#0"
        },
        "down": {
          "uv": [
            0,
            0,
            0.125,
            0.125
          ],
          "texture": "#0"
        }
      }
    },
    {
      "from": [
        4,
        26,
        -5
      ],
      "to": [
        5,
        27,
        -4
      ],
      "faces": {
        "north": {
          "uv": [
            0,
            0,
            0.125,
            0.125
          ],
          "texture": "#0"
        },
        "east": {
          "uv": [
            0,
            0,
            0.125,
            0.125
          ],
          "texture": "#0"
        },
        "south": {
          "uv": [
            0,
            0,
            0.125,
            0.125
          ],
          "texture": "#missing"
        },
        "west": {
          "uv": [
            0,
            0,
            0.125,
            0.125
          ],
          "texture": "#0"
        },
        "up": {
          "uv": [
            0,
            0,
            0.125,
            0.125
          ],
          "texture": "#0"
        },
        "down": {
          "uv": [
            0,
            0,
            0.125,
            0.125
          ],
          "texture": "#0"
        }
      }
    },
    {
      "from": [
        4,
        24,
        -5
      ],
      "to": [
        5,
        25,
        -4
      ],
      "faces": {
        "north": {
          "uv": [
            0,
            0,
            0.125,
            0.125
          ],
          "texture": "#0"
        },
        "east": {
          "uv": [
            0,
            0,
            0.125,
            0.125
          ],
          "texture": "#0"
        },
        "south": {
          "uv": [
            0,
            0,
            0.125,
            0.125
          ],
          "texture": "#missing"
        },
        "west": {
          "uv": [
            0,
            0,
            0.125,
            0.125
          ],
          "texture": "#0"
        },
        "up": {
          "uv": [
            0,
            0,
            0.125,
            0.125
          ],
          "texture": "#0"
        },
        "down": {
          "uv": [
            0,
            0,
            0.125,
            0.125
          ],
          "texture": "#0"
        }
      }
    },
    {
      "from": [
        6,
        24,
        -5
      ],
      "to": [
        7,
        25,
        -4
      ],
      "faces": {
        "north": {
          "uv": [
            0,
            0,
            0.125,
            0.125
          ],
          "texture": "#0"
        },
        "east": {
          "uv": [
            0,
            0,
            0.125,
            0.125
          ],
          "texture": "#0"
        },
        "south": {
          "uv": [
            0,
            0,
            0.125,
            0.125
          ],
          "texture": "#missing"
        },
        "west": {
          "uv": [
            0,
            0,
            0.125,
            0.125
          ],
          "texture": "#0"
        },
        "up": {
          "uv": [
            0,
            0,
            0.125,
            0.125
          ],
          "texture": "#0"
        },
        "down": {
          "uv": [
            0,
            0,
            0.125,
            0.125
          ],
          "texture": "#0"
        }
      }
    },
    {
      "from": [
        8,
        24,
        -5
      ],
      "to": [
        9,
        25,
        -4
      ],
      "faces": {
        "north": {
          "uv": [
            0,
            0,
            0.125,
            0.125
          ],
          "texture": "#0"
        },
        "east": {
          "uv": [
            0,
            0,
            0.125,
            0.125
          ],
          "texture": "#0"
        },
        "south": {
          "uv": [
            0,
            0,
            0.125,
            0.125
          ],
          "texture": "#missing"
        },
        "west": {
          "uv": [
            0,
            0,
            0.125,
            0.125
          ],
          "texture": "#0"
        },
        "up": {
          "uv": [
            0,
            0,
            0.125,
            0.125
          ],
          "texture": "#0"
        },
        "down": {
          "uv": [
            0,
            0,
            0.125,
            0.125
          ],
          "texture": "#0"
        }
      }
    },
    {
      "from": [
        10,
        24,
        -5
      ],
      "to": [
        11,
        25,
        -4
      ],
      "faces": {
        "north": {
          "uv": [
            0,
            0,
            0.125,
            0.125
          ],
          "texture": "#0"
        },
        "east": {
          "uv": [
            0,
            0,
            0.125,
            0.125
          ],
          "texture": "#0"
        },
        "south": {
          "uv": [
            0,
            0,
            0.125,
            0.125
          ],
          "texture": "#missing"
        },
        "west": {
          "uv": [
            0,
            0,
            0.125,
            0.125
          ],
          "texture": "#0"
        },
        "up": {
          "uv": [
            0,
            0,
            0.125,
            0.125
          ],
          "texture": "#0"
        },
        "down": {
          "uv": [
            0,
            0,
            0.125,
            0.125
          ],
          "texture": "#0"
        }
      }
    },
    {
      "from": [
        10,
        26,
        -5
      ],
      "to": [
        11,
        27,
        -4
      ],
      "faces": {
        "north": {
          "uv": [
            0,
            0,
            0.125,
            0.125
          ],
          "texture": "#0"
        },
        "east": {
          "uv": [
            0,
            0,
            0.125,
            0.125
          ],
          "texture": "#0"
        },
        "south": {
          "uv": [
            0,
            0,
            0.125,
            0.125
          ],
          "texture": "#missing"
        },
        "west": {
          "uv": [
            0,
            0,
            0.125,
            0.125
          ],
          "texture": "#0"
        },
        "up": {
          "uv": [
            0,
            0,
            0.125,
            0.125
          ],
          "texture": "#0"
        },
        "down": {
          "uv": [
            0,
            0,
            0.125,
            0.125
          ],
          "texture": "#0"
        }
      }
    },
    {
      "from": [
        10,
        28,
        -5
      ],
      "to": [
        11,
        29,
        -4
      ],
      "faces": {
        "north": {
          "uv": [
            0,
            0,
            0.125,
            0.125
          ],
          "texture": "#0"
        },
        "east": {
          "uv": [
            0,
            0,
            0.125,
            0.125
          ],
          "texture": "#0"
        },
        "south": {
          "uv": [
            0,
            0,
            0.125,
            0.125
          ],
          "texture": "#missing"
        },
        "west": {
          "uv": [
            0,
            0,
            0.125,
            0.125
          ],
          "texture": "#0"
        },
        "up": {
          "uv": [
            0,
            0,
            0.125,
            0.125
          ],
          "texture": "#0"
        },
        "down": {
          "uv": [
            0,
            0,
            0.125,
            0.125
          ],
          "texture": "#0"
        }
      }
    },
    {
      "from": [
        8,
        28,
        -5
      ],
      "to": [
        9,
        29,
        -4
      ],
      "faces": {
        "north": {
          "uv": [
            0,
            0,
            0.125,
            0.125
          ],
          "texture": "#0"
        },
        "east": {
          "uv": [
            0,
            0,
            0.125,
            0.125
          ],
          "texture": "#0"
        },
        "south": {
          "uv": [
            0,
            0,
            0.125,
            0.125
          ],
          "texture": "#missing"
        },
        "west": {
          "uv": [
            0,
            0,
            0.125,
            0.125
          ],
          "texture": "#0"
        },
        "up": {
          "uv": [
            0,
            0,
            0.125,
            0.125
          ],
          "texture": "#0"
        },
        "down": {
          "uv": [
            0,
            0,
            0.125,
            0.125
          ],
          "texture": "#0"
        }
      }
    },
    {
      "from": [
        6,
        28,
        -5
      ],
      "to": [
        7,
        29,
        -4
      ],
      "faces": {
        "north": {
          "uv": [
            0,
            0,
            0.125,
            0.125
          ],
          "texture": "#0"
        },
        "east": {
          "uv": [
            0,
            0,
            0.125,
            0.125
          ],
          "texture": "#0"
        },
        "south": {
          "uv": [
            0,
            0,
            0.125,
            0.125
          ],
          "texture": "#missing"
        },
        "west": {
          "uv": [
            0,
            0,
            0.125,
            0.125
          ],
          "texture": "#0"
        },
        "up": {
          "uv": [
            0,
            0,
            0.125,
            0.125
          ],
          "texture": "#0"
        },
        "down": {
          "uv": [
            0,
            0,
            0.125,
            0.125
          ],
          "texture": "#0"
        }
      }
    },
    {
      "from": [
        6,
        26,
        -5
      ],
      "to": [
        7,
        27,
        -4
      ],
      "faces": {
        "north": {
          "uv": [
            0,
            0,
            0.125,
            0.125
          ],
          "texture": "#0"
        },
        "east": {
          "uv": [
            0,
            0,
            0.125,
            0.125
          ],
          "texture": "#0"
        },
        "south": {
          "uv": [
            0,
            0,
            0.125,
            0.125
          ],
          "texture": "#missing"
        },
        "west": {
          "uv": [
            0,
            0,
            0.125,
            0.125
          ],
          "texture": "#0"
        },
        "up": {
          "uv": [
            0,
            0,
            0.125,
            0.125
          ],
          "texture": "#0"
        },
        "down": {
          "uv": [
            0,
            0,
            0.125,
            0.125
          ],
          "texture": "#0"
        }
      }
    },
    {
      "from": [
        8,
        26,
        -5
      ],
      "to": [
        9,
        27,
        -4
      ],
      "faces": {
        "north": {
          "uv": [
            0,
            0,
            0.125,
            0.125
          ],
          "texture": "#0"
        },
        "east": {
          "uv": [
            0,
            0,
            0.125,
            0.125
          ],
          "texture": "#0"
        },
        "south": {
          "uv": [
            0,
            0,
            0.125,
            0.125
          ],
          "texture": "#missing"
        },
        "west": {
          "uv": [
            0,
            0,
            0.125,
            0.125
          ],
          "texture": "#0"
        },
        "up": {
          "uv": [
            0,
            0,
            0.125,
            0.125
          ],
          "texture": "#0"
        },
        "down": {
          "uv": [
            0,
            0,
            0.125,
            0.125
          ],
          "texture": "#0"
        }
      }
    },
    {
      "from": [
        4,
        30,
        -5
      ],
      "to": [
        5,
        31,
        -4
      ],
      "faces": {
        "north": {
          "uv": [
            0,
            0,
            0.125,
            0.125
          ],
          "texture": "#0"
        },
        "east": {
          "uv": [
            0,
            0,
            0.125,
            0.125
          ],
          "texture": "#0"
        },
        "south": {
          "uv": [
            0,
            0,
            0.125,
            0.125
          ],
          "texture": "#missing"
        },
        "west": {
          "uv": [
            0,
            0,
            0.125,
            0.125
          ],
          "texture": "#0"
        },
        "up": {
          "uv": [
            0,
            0,
            0.125,
            0.125
          ],
          "texture": "#0"
        },
        "down": {
          "uv": [
            0,
            0,
            0.125,
            0.125
          ],
          "texture": "#0"
        }
      }
    },
    {
      "from": [
        6,
        30,
        -5
      ],
      "to": [
        7,
        31,
        -4
      ],
      "faces": {
        "north": {
          "uv": [
            0,
            0,
            0.125,
            0.125
          ],
          "texture": "#0"
        },
        "east": {
          "uv": [
            0,
            0,
            0.125,
            0.125
          ],
          "texture": "#0"
        },
        "south": {
          "uv": [
            0,
            0,
            0.125,
            0.125
          ],
          "texture": "#missing"
        },
        "west": {
          "uv": [
            0,
            0,
            0.125,
            0.125
          ],
          "texture": "#0"
        },
        "up": {
          "uv": [
            0,
            0,
            0.125,
            0.125
          ],
          "texture": "#0"
        },
        "down": {
          "uv": [
            0,
            0,
            0.125,
            0.125
          ],
          "texture": "#0"
        }
      }
    }
  ],
  "display": {
    "thirdperson_righthand": {
      "translation": [
        0,
        5.75,
        1.25
      ]
    },
    "thirdperson_lefthand": {
      "translation": [
        0,
        5,
        1.25
      ]
    },
    "firstperson_righthand": {
      "translation": [
        0,
        -8,
        0
      ]
    },
    "firstperson_lefthand": {
      "translation": [
        0,
        -8.25,
        0
      ]
    },
    "ground": {
      "rotation": [
        -90,
        90,
        0
      ],
      "translation": [
        0,
        4.25,
        0
      ],
      "scale": [
        0.75,
        0.75,
        0.75
      ]
    },
    "gui": {
      "rotation": [
        31,
        40,
        -60
      ],
      "translation": [
        -2.5,
        -2.5,
        0
      ],
      "scale": [
        0.4,
        0.4,
        0.4
      ]
    },
    "head": {
      "rotation": [
        180,
        90,
        0
      ],
      "translation": [
        0,
        18.75,
        0
      ]
    },
    "fixed": {
      "rotation": [
        0,
        90,
        0
      ],
      "translation": [
        0,
        0,
        -3.5
      ]
    }
  },
  "groups": [
    {
      "name": "group",
      "origin": [
        8,
        8,
        8
      ],
      "color": 0,
      "children": [
        0,
        1,
        2,
        3,
        4,
        5,
        6,
        7,
        8,
        9,
        10,
        11,
        12,
        13,
        14,
        15,
        16,
        17,
        18,
        19,
        20,
        21,
        22,
        23,
        24,
        25,
        26,
        27,
        28,
        29,
        30
      ]
    }
  ]
}