{
  "credit": "Made with Blockbench",
  "texture_size": [
    64,
    64
  ],
  "elements": [
    {
      "from": [
        6,
        30.5,
        11
      ],
      "to": [
        10,
        32,
        15.25
      ],
      "faces": {
        "north": {
          "uv": [
            3,
            5,
            4,
            5.5
          ],
          "texture": "#0"
        },
        "east": {
          "uv": [
            5,
            3,
            6,
            3.5
          ],
          "texture": "#0"
        },
        "south": {
          "uv": [
            5,
            3.5,
            6,
            4
          ],
          "texture": "#0"
        },
        "west": {
          "uv": [
            5,
            4,
            6,
            4.5
          ],
          "texture": "#0"
        },
        "up": {
          "uv": [
            4,
            5,
            3,
            4
          ],
          "texture": "#0"
        },
        "down": {
          "uv": [
            5,
            3.5,
            4,
            4.5
          ],
          "texture": "#0"
        }
      }
    },
    {
      "from": [
        6,
        2.75,
        11
      ],
      "to": [
        10,
        4.25,
        15.25
      ],
      "faces": {
        "north": {
          "uv": [
            5,
            4.5,
            6,
            5
          ],
          "texture": "#0"
        },
        "east": {
          "uv": [
            5,
            5,
            6,
            5.5
          ],
          "texture": "#0"
        },
        "south": {
          "uv": [
            3,
            5.5,
            4,
            6
          ],
          "texture": "#0"
        },
        "west": {
          "uv": [
            4,
            5.5,
            5,
            6
          ],
          "texture": "#0"
        },
        "up": {
          "uv": [
            5,
            5.5,
            4,
            4.5
          ],
          "texture": "#0"
        },
        "down": {
          "uv": [
            6,
            0,
            5,
            1
          ],
          "texture": "#0"
        }
      }
    },
    {
      "from": [
        7.5,
        4.25,
        13
      ],
      "to": [
        8.5,
        30.75,
        14.25
      ],
      "faces": {
        "north": {
          "uv": [
            2,
            4,
            2.25,
            10.75
          ],
          "texture": "#0"
        },
        "east": {
          "uv": [
            2.25,
            4,
            2.5,
            10.75
          ],
          "texture": "#0"
        },
        "south": {
          "uv": [
            2.5,
            4,
            2.75,
            10.75
          ],
          "texture": "#0"
        },
        "west": {
          "uv": [
            2.75,
            4,
            3,
            10.75
          ],
          "texture": "#0"
        },
        "up": {
          "uv": [
            1.25,
            6,
            1,
            5.75
          ],
          "texture": "#0"
        },
        "down": {
          "uv": [
            1.5,
            5.75,
            1.25,
            6
          ],
          "texture": "#0"
        }
      }
    },
    {
      "from": [
        6,
        14,
        -1
      ],
      "to": [
        10,
        21,
        3
      ],
      "faces": {
        "north": {
          "uv": [
            0,
            4,
            1,
            5.75
          ],
          "texture": "#0"
        },
        "east": {
          "uv": [
            4,
            0,
            5,
            1.75
          ],
          "texture": "#0"
        },
        "south": {
          "uv": [
            1,
            4,
            2,
            5.75
          ],
          "texture": "#0"
        },
        "west": {
          "uv": [
            4,
            1.75,
            5,
            3.5
          ],
          "texture": "#0"
        },
        "up": {
          "uv": [
            6,
            2,
            5,
            1
          ],
          "texture": "#0"
        },
        "down": {
          "uv": [
            6,
            2,
            5,
            3
          ],
          "texture": "#0"
        }
      }
    },
    {
      "from": [
        7,
        -5.75,
        9.75
      ],
      "to": [
        9,
        9.75,
        11.75
      ],
      "rotation": {
        "angle": -45,
        "axis": "x",
        "origin": [
          0,
          0,
          0
        ]
      },
      "faces": {
        "north": {
          "uv": [
            0,
            0,
            0.5,
            4
          ],
          "texture": "#0"
        },
        "east": {
          "uv": [
            0.5,
            0,
            1,
            4
          ],
          "texture": "#0"
        },
        "south": {
          "uv": [
            1,
            0,
            1.5,
            4
          ],
          "texture": "#0"
        },
        "west": {
          "uv": [
            1.5,
            0,
            2,
            4
          ],
          "texture": "#0"
        },
        "up": {
          "uv": [
            5.5,
            6,
            5,
            5.5
          ],
          "texture": "#0"
        },
        "down": {
          "uv": [
            6,
            5.5,
            5.5,
            6
          ],
          "texture": "#0"
        }
      }
    },
    {
      "from": [
        7,
        15,
        -14.75
      ],
      "to": [
        9,
        30.5,
        -12.75
      ],
      "rotation": {
        "angle": 45,
        "axis": "x",
        "origin": [
          0,
          0,
          0
        ]
      },
      "faces": {
        "north": {
          "uv": [
            2,
            0,
            2.5,
            4
          ],
          "texture": "#0"
        },
        "east": {
          "uv": [
            2.5,
            0,
            3,
            4
          ],
          "texture": "#0"
        },
        "south": {
          "uv": [
            3,
            0,
            3.5,
            4
          ],
          "texture": "#0"
        },
        "west": {
          "uv": [
            3.5,
            0,
            4,
            4
          ],
          "texture": "#0"
        },
        "up": {
          "uv": [
            0.5,
            6.25,
            0,
            5.75
          ],
          "texture": "#0"
        },
        "down": {
          "uv": [
            1,
            5.75,
            0.5,
            6.25
          ],
          "texture": "#0"
        }
      }
    }
  ],
  "display": {
    "thirdperson_righthand": {
      "translation": [
        0,
        -8.5,
        5.75
      ],
      "scale": [
        0.7,
        0.7,
        0.7
      ]
    },
    "thirdperson_lefthand": {
      "translation": [
        0,
        -8.5,
        5.75
      ],
      "scale": [
        0.7,
        0.7,
        0.7
      ]
    },
    "firstperson_righthand": {
      "translation": [
        0,
        -3,
        4.75
      ]
    },
    "firstperson_lefthand": {
      "translation": [
        0,
        -3,
        4.75
      ]
    },
    "ground": {
      "rotation": [
        0,
        0,
        90
      ],
      "translation": [
        6,
        0,
        0
      ],
      "scale": [
        0.6,
        0.6,
        0.6
      ]
    },
    "gui": {
      "rotation": [
        27.43,
        25.83,
        -40.73
      ],
      "translation": [
        -3.5,
        -3,
        0
      ],
      "scale": [
        0.6,
        0.6,
        0.6
      ]
    },
    "head": {
      "rotation": [
        0,
        0,
        90
      ],
      "translation": [
        9.25,
        7.25,
        0
      ]
    },
    "fixed": {
      "rotation": [
        0,
        90,
        0
      ],
      "translation": [
        0,
        -7,
        -1.5
      ]
    }
  },
  "groups": [
    {
      "name": "group",
      "origin": [
        0,
        0,
        0
      ],
      "color": 0,
      "children": [
        0,
        1,
        2,
        3,
        4,
        5
      ]
    }
  ]
}