{
  "credit": "Made with Blockbench",
  "texture_size": [
    64,
    64
  ],
  "elements": [
    {
      "from": [
        7,
        0,
        7
      ],
      "to": [
        9,
        30,
        9
      ],
      "faces": {
        "north": {
          "uv": [
            0,
            0,
            0.5,
            7.5
          ],
          "texture": "#0"
        },
        "east": {
          "uv": [
            0.5,
            0,
            1,
            7.5
          ],
          "texture": "#0"
        },
        "south": {
          "uv": [
            1,
            0,
            1.5,
            7.5
          ],
          "texture": "#0"
        },
        "west": {
          "uv": [
            1.5,
            0,
            2,
            7.5
          ],
          "texture": "#0"
        },
        "up": {
          "uv": [
            6.75,
            1.5,
            6.25,
            1
          ],
          "texture": "#0"
        },
        "down": {
          "uv": [
            6.75,
            1.5,
            6.25,
            2
          ],
          "texture": "#0"
        }
      }
    },
    {
      "from": [
        7,
        20,
        3
      ],
      "to": [
        9,
        24,
        16
      ],
      "rotation": {
        "angle": -22.5,
        "axis": "x",
        "origin": [
          0,
          0,
          0
        ]
      },
      "faces": {
        "north": {
          "uv": [
            5.75,
            0,
            6.25,
            1
          ],
          "texture": "#0"
        },
        "east": {
          "uv": [
            2,
            0,
            5.25,
            1
          ],
          "texture": "#0"
        },
        "south": {
          "uv": [
            5.75,
            1,
            6.25,
            2
          ],
          "texture": "#0"
        },
        "west": {
          "uv": [
            2,
            1,
            5.25,
            2
          ],
          "texture": "#0"
        },
        "up": {
          "uv": [
            5.5,
            7.25,
            5,
            4
          ],
          "texture": "#0"
        },
        "down": {
          "uv": [
            5.75,
            0,
            5.25,
            3.25
          ],
          "texture": "#0"
        }
      }
    },
    {
      "from": [
        7,
        26,
        -1
      ],
      "to": [
        9,
        30,
        12
      ],
      "rotation": {
        "angle": 22.5,
        "axis": "x",
        "origin": [
          0,
          0,
          0
        ]
      },
      "faces": {
        "north": {
          "uv": [
            5.75,
            2,
            6.25,
            3
          ],
          "texture": "#0"
        },
        "east": {
          "uv": [
            2,
            2,
            5.25,
            3
          ],
          "texture": "#0"
        },
        "south": {
          "uv": [
            6.25,
            0,
            6.75,
            1
          ],
          "texture": "#0"
        },
        "west": {
          "uv": [
            2,
            3,
            5.25,
            4
          ],
          "texture": "#0"
        },
        "up": {
          "uv": [
            2.5,
            8.75,
            2,
            5.5
          ],
          "texture": "#0"
        },
        "down": {
          "uv": [
            3,
            5.5,
            2.5,
            8.75
          ],
          "texture": "#0"
        }
      }
    },
    {
      "from": [
        6,
        23,
        5
      ],
      "to": [
        10,
        29,
        11
      ],
      "faces": {
        "north": {
          "uv": [
            3,
            5.5,
            4,
            7
          ],
          "texture": "#0"
        },
        "east": {
          "uv": [
            2,
            4,
            3.5,
            5.5
          ],
          "texture": "#0"
        },
        "south": {
          "uv": [
            5.5,
            3.25,
            6.5,
            4.75
          ],
          "texture": "#0"
        },
        "west": {
          "uv": [
            3.5,
            4,
            5,
            5.5
          ],
          "texture": "#0"
        },
        "up": {
          "uv": [
            5,
            7,
            4,
            5.5
          ],
          "texture": "#0"
        },
        "down": {
          "uv": [
            6.5,
            4.75,
            5.5,
            6.25
          ],
          "texture": "#0"
        }
      }
    }
  ],
  "display": {
    "thirdperson_righthand": {
      "translation": [
        0,
        -0.5,
        0.75
      ],
      "scale": [
        0.5,
        0.5,
        0.5
      ]
    },
    "thirdperson_lefthand": {
      "translation": [
        0,
        -0.5,
        0.75
      ],
      "scale": [
        0.5,
        0.5,
        0.5
      ]
    },
    "firstperson_righthand": {
      "scale": [
        0.6,
        0.6,
        0.6
      ]
    },
    "firstperson_lefthand": {
      "scale": [
        0.6,
        0.6,
        0.6
      ]
    },
    "ground": {
      "rotation": [
        90,
        90,
        0
      ],
      "translation": [
        0,
        0,
        -3.5
      ],
      "scale": [
        0.6,
        0.6,
        0.6
      ]
    },
    "gui": {
      "rotation": [
        35,
        42,
        -40
      ],
      "translation": [
        -2.5,
        -4,
        0
      ],
      "scale": [
        0.6,
        0.6,
        0.6
      ]
    },
    "head": {
      "rotation": [
        -128,
        0,
        0
      ],
      "translation": [
        0,
        15.25,
        2.75
      ]
    },
    "fixed": {
      "rotation": [
        0,
        90,
        0
      ],
      "translation": [
        0,
        -7,
        -1
      ]
    }
  },
  "groups": [
    {
      "name": "group",
      "origin": [
        0,
        0,
        0
      ],
      "color": 0,
      "children": [
        0,
        1,
        2,
        3
      ]
    }
  ]
}