{
  "credit": "Made with Blockbench",
  "texture_size": [
    32,
    32
  ],
  "elements": [
    {
      "from": [
        7,
        -3,
        7
      ],
      "to": [
        9,
        22,
        9
      ],
      "rotation": {
        "angle": 0,
        "axis": "y",
        "origin": [
          0,
          -5,
          0
        ]
      },
      "faces": {
        "north": {
          "uv": [
            0,
            0,
            1,
            12.5
          ],
          "texture": "#0"
        },
        "east": {
          "uv": [
            1,
            0,
            2,
            12.5
          ],
          "texture": "#0"
        },
        "south": {
          "uv": [
            2,
            0,
            3,
            12.5
          ],
          "texture": "#0"
        },
        "west": {
          "uv": [
            3,
            0,
            4,
            12.5
          ],
          "texture": "#0"
        },
        "up": {
          "uv": [
            8.5,
            10,
            7.5,
            9
          ],
          "texture": "#0"
        },
        "down": {
          "uv": [
            10.5,
            0,
            9.5,
            1
          ],
          "texture": "#0"
        }
      }
    },
    {
      "from": [
        7.5,
        1,
        15
      ],
      "to": [
        8.5,
        8,
        18
      ],
      "rotation": {
        "angle": -45,
        "axis": "x",
        "origin": [
          0,
          -5,
          0
        ]
      },
      "faces": {
        "north": {
          "uv": [
            8.5,
            8,
            9,
            11.5
          ],
          "texture": "#0"
        },
        "east": {
          "uv": [
            4,
            3,
            5.5,
            6.5
          ],
          "texture": "#0"
        },
        "south": {
          "uv": [
            9,
            0,
            9.5,
            3.5
          ],
          "texture": "#0"
        },
        "west": {
          "uv": [
            5.5,
            3,
            7,
            6.5
          ],
          "texture": "#0"
        },
        "up": {
          "uv": [
            10,
            2.5,
            9.5,
            1
          ],
          "texture": "#0"
        },
        "down": {
          "uv": [
            10,
            2.5,
            9.5,
            4
          ],
          "texture": "#0"
        }
      }
    },
    {
      "from": [
        7.5,
        15.75,
        -13.75
      ],
      "to": [
        8.5,
        21.75,
        -10.75
      ],
      "rotation": {
        "angle": 45,
        "axis": "x",
        "origin": [
          0,
          0,
          0
        ]
      },
      "faces": {
        "north": {
          "uv": [
            8,
            0,
            8.5,
            3
          ],
          "texture": "#0"
        },
        "east": {
          "uv": [
            7,
            3,
            8.5,
            6
          ],
          "texture": "#0"
        },
        "south": {
          "uv": [
            9,
            7,
            9.5,
            10
          ],
          "texture": "#0"
        },
        "west": {
          "uv": [
            7,
            6,
            8.5,
            9
          ],
          "texture": "#0"
        },
        "up": {
          "uv": [
            10,
            5.5,
            9.5,
            4
          ],
          "texture": "#0"
        },
        "down": {
          "uv": [
            10,
            5.5,
            9.5,
            7
          ],
          "texture": "#0"
        }
      }
    },
    {
      "from": [
        7.5,
        14.5,
        1.5
      ],
      "to": [
        8.5,
        21.5,
        4.5
      ],
      "rotation": {
        "angle": 0,
        "axis": "x",
        "origin": [
          0,
          -5,
          0
        ]
      },
      "faces": {
        "north": {
          "uv": [
            9,
            3.5,
            9.5,
            7
          ],
          "texture": "#0"
        },
        "east": {
          "uv": [
            4,
            6.5,
            5.5,
            10
          ],
          "texture": "#0"
        },
        "south": {
          "uv": [
            7,
            9,
            7.5,
            12.5
          ],
          "texture": "#0"
        },
        "west": {
          "uv": [
            5.5,
            6.5,
            7,
            10
          ],
          "texture": "#0"
        },
        "up": {
          "uv": [
            10,
            8.5,
            9.5,
            7
          ],
          "texture": "#0"
        },
        "down": {
          "uv": [
            10,
            8.5,
            9.5,
            10
          ],
          "texture": "#0"
        }
      }
    },
    {
      "from": [
        7.5,
        22,
        5.75
      ],
      "to": [
        8.5,
        25,
        13.75
      ],
      "rotation": {
        "angle": 0,
        "axis": "x",
        "origin": [
          0,
          -5,
          0
        ]
      },
      "faces": {
        "north": {
          "uv": [
            10,
            1,
            10.5,
            2.5
          ],
          "texture": "#0"
        },
        "east": {
          "uv": [
            4,
            0,
            8,
            1.5
          ],
          "texture": "#0"
        },
        "south": {
          "uv": [
            10,
            2.5,
            10.5,
            4
          ],
          "texture": "#0"
        },
        "west": {
          "uv": [
            4,
            1.5,
            8,
            3
          ],
          "texture": "#0"
        },
        "up": {
          "uv": [
            9,
            4,
            8.5,
            0
          ],
          "texture": "#0"
        },
        "down": {
          "uv": [
            9,
            4,
            8.5,
            8
          ],
          "texture": "#0"
        }
      }
    }
  ],
  "display": {
    "thirdperson_righthand": {
      "translation": [
        0,
        1.25,
        0.75
      ],
      "scale": [
        0.5,
        0.5,
        0.5
      ]
    },
    "thirdperson_lefthand": {
      "translation": [
        0,
        1.25,
        0.75
      ],
      "scale": [
        0.5,
        0.5,
        0.5
      ]
    },
    "firstperson_righthand": {
      "translation": [
        0,
        3.75,
        0
      ],
      "scale": [
        0.6,
        0.6,
        0.6
      ]
    },
    "firstperson_lefthand": {
      "translation": [
        0,
        3.75,
        0
      ],
      "scale": [
        0.6,
        0.6,
        0.6
      ]
    },
    "ground": {
      "rotation": [
        0,
        0,
        90
      ],
      "scale": [
        0.5,
        0.5,
        0.5
      ]
    },
    "gui": {
      "rotation": [
        33,
        30,
        -40
      ],
      "translation": [
        -0.75,
        -1.25,
        0
      ],
      "scale": [
        0.6,
        0.6,
        0.6
      ]
    },
    "head": {
      "rotation": [
        -144,
        0,
        0
      ],
      "translation": [
        0,
        17.5,
        0
      ]
    },
    "fixed": {
      "rotation": [
        0,
        90,
        0
      ],
      "translation": [
        0,
        0,
        -0.5
      ]
    }
  },
  "groups": [
    {
      "name": "group",
      "origin": [
        0,
        -5,
        0
      ],
      "color": 0,
      "children": [
        0,
        1,
        2,
        3,
        4
      ]
    }
  ]
}