{
  "credit": "Made with Blockbench",
  "texture_size": [
    32,
    32
  ],
  "elements": [
    {
      "from": [
        7,
        0,
        7
      ],
      "to": [
        9,
        15,
        9
      ],
      "faces": {
        "north": {
          "uv": [
            4,
            8,
            5,
            15.5
          ],
          "texture": "#0"
        },
        "east": {
          "uv": [
            5,
            8,
            6,
            15.5
          ],
          "texture": "#0"
        },
        "south": {
          "uv": [
            6,
            8,
            7,
            15.5
          ],
          "texture": "#0"
        },
        "west": {
          "uv": [
            11,
            4,
            12,
            11.5
          ],
          "texture": "#0"
        },
        "up": {
          "uv": [
            12,
            12.5,
            11,
            11.5
          ],
          "texture": "#0"
        },
        "down": {
          "uv": [
            1,
            12,
            0,
            13
          ],
          "texture": "#0"
        }
      }
    },
    {
      "from": [
        4,
        15,
        1
      ],
      "to": [
        12,
        23,
        15
      ],
      "faces": {
        "north": {
          "uv": [
            0,
            8,
            4,
            12
          ],
          "texture": "#0"
        },
        "east": {
          "uv": [
            0,
            0,
            7,
            4
          ],
          "texture": "#0"
        },
        "south": {
          "uv": [
            11,
            0,
            15,
            4
          ],
          "texture": "#0"
        },
        "west": {
          "uv": [
            0,
            4,
            7,
            8
          ],
          "texture": "#0"
        },
        "up": {
          "uv": [
            11,
            7,
            7,
            0
          ],
          "texture": "#0"
        },
        "down": {
          "uv": [
            11,
            7,
            7,
            14
          ],
          "texture": "#0"
        }
      }
    }
  ],
  "display": {
    "thirdperson_righthand": {
      "translation": [
        0,
        0,
        1
      ],
      "scale": [
        0.6,
        0.6,
        0.6
      ]
    },
    "thirdperson_lefthand": {
      "translation": [
        0,
        0,
        1
      ],
      "scale": [
        0.6,
        0.6,
        0.6
      ]
    },
    "firstperson_righthand": {
      "translation": [
        -1.75,
        1,
        0
      ],
      "scale": [
        0.6,
        0.6,
        0.6
      ]
    },
    "firstperson_lefthand": {
      "translation": [
        -1.75,
        1,
        0
      ],
      "scale": [
        0.6,
        0.6,
        0.6
      ]
    },
    "ground": {
      "rotation": [
        90,
        90,
        0
      ],
      "scale": [
        0.6,
        0.6,
        0.6
      ]
    },
    "gui": {
      "rotation": [
        38,
        49,
        -56
      ],
      "translation": [
        -1.5,
        -4,
        0
      ],
      "scale": [
        0.7,
        0.7,
        0.7
      ]
    },
    "head": {
      "rotation": [
        -180,
        90,
        0
      ],
      "translation": [
        0,
        11.25,
        0
      ]
    },
    "fixed": {
      "rotation": [
        0,
        90,
        0
      ]
    }
  },
  "groups": [
    {
      "name": "group",
      "origin": [
        0,
        0,
        0
      ],
      "color": 0,
      "children": [
        0,
        1
      ]
    }
  ]
}