{
  "credit": "Made with Blockbench",
  "texture_size": [
    32,
    32
  ],
  "elements": [
    {
      "from": [
        7,
        -4,
        7
      ],
      "to": [
        9,
        22,
        9
      ],
      "faces": {
        "north": {
          "uv": [
            0,
            0,
            1,
            13
          ],
          "texture": "#0"
        },
        "east": {
          "uv": [
            1,
            0,
            2,
            13
          ],
          "texture": "#0"
        },
        "south": {
          "uv": [
            2,
            0,
            3,
            13
          ],
          "texture": "#0"
        },
        "west": {
          "uv": [
            3,
            0,
            4,
            13
          ],
          "texture": "#0"
        },
        "up": {
          "uv": [
            5,
            10.5,
            4,
            9.5
          ],
          "texture": "#0"
        },
        "down": {
          "uv": [
            6,
            9.5,
            5,
            10.5
          ],
          "texture": "#0"
        }
      }
    },
    {
      "from": [
        6,
        24,
        6
      ],
      "to": [
        10,
        29,
        10
      ],
      "faces": {
        "north": {
          "uv": [
            4,
            5,
            6,
            7.5
          ],
          "texture": "#0"
        },
        "east": {
          "uv": [
            4,
            0,
            6.5,
            2.5
          ],
          "texture": "#0"
        },
        "south": {
          "uv": [
            6,
            5,
            8,
            7.5
          ],
          "texture": "#0"
        },
        "west": {
          "uv": [
            4,
            2.5,
            6.5,
            5
          ],
          "texture": "#0"
        },
        "up": {
          "uv": [
            8.5,
            2.5,
            6.5,
            0
          ],
          "texture": "#0"
        },
        "down": {
          "uv": [
            8.5,
            2.5,
            6.5,
            5
          ],
          "texture": "#0"
        }
      }
    },
    {
      "from": [
        7,
        30,
        3
      ],
      "to": [
        9,
        32,
        13
      ],
      "faces": {
        "north": {
          "uv": [
            6,
            9.5,
            7,
            10.5
          ],
          "texture": "#0"
        },
        "east": {
          "uv": [
            8,
            5,
            13,
            6
          ],
          "texture": "#0"
        },
        "south": {
          "uv": [
            7,
            9.5,
            8,
            10.5
          ],
          "texture": "#0"
        },
        "west": {
          "uv": [
            4,
            7.5,
            9,
            8.5
          ],
          "texture": "#0"
        },
        "up": {
          "uv": [
            13,
            7,
            8,
            6
          ],
          "rotation": 270,
          "texture": "#0"
        },
        "down": {
          "uv": [
            13.5,
            0,
            8.5,
            1
          ],
          "rotation": 90,
          "texture": "#0"
        }
      }
    },
    {
      "from": [
        7,
        30,
        -13
      ],
      "to": [
        9,
        32,
        -9
      ],
      "rotation": {
        "angle": 45,
        "axis": "x",
        "origin": [
          0,
          0,
          0
        ]
      },
      "faces": {
        "north": {
          "uv": [
            8,
            9.5,
            9,
            10.5
          ],
          "texture": "#0"
        },
        "east": {
          "uv": [
            8.5,
            2,
            10.5,
            3
          ],
          "texture": "#0"
        },
        "south": {
          "uv": [
            9,
            9.5,
            10,
            10.5
          ],
          "texture": "#0"
        },
        "west": {
          "uv": [
            8.5,
            1,
            10.5,
            2
          ],
          "texture": "#0"
        },
        "up": {
          "uv": [
            10.5,
            4,
            8.5,
            3
          ],
          "rotation": 270,
          "texture": "#0"
        },
        "down": {
          "uv": [
            6,
            8.5,
            4,
            9.5
          ],
          "rotation": 90,
          "texture": "#0"
        }
      }
    },
    {
      "from": [
        7,
        19,
        20.25
      ],
      "to": [
        9,
        21,
        24.25
      ],
      "rotation": {
        "angle": -45,
        "axis": "x",
        "origin": [
          0,
          0,
          0
        ]
      },
      "faces": {
        "north": {
          "uv": [
            10,
            9,
            11,
            10
          ],
          "texture": "#0"
        },
        "east": {
          "uv": [
            8.5,
            4,
            10.5,
            5
          ],
          "texture": "#0"
        },
        "south": {
          "uv": [
            10,
            8,
            11,
            9
          ],
          "texture": "#0"
        },
        "west": {
          "uv": [
            6,
            8.5,
            8,
            9.5
          ],
          "texture": "#0"
        },
        "up": {
          "uv": [
            10,
            9.5,
            8,
            8.5
          ],
          "rotation": 90,
          "texture": "#0"
        },
        "down": {
          "uv": [
            11,
            7,
            9,
            8
          ],
          "rotation": 270,
          "texture": "#0"
        }
      }
    }
  ],
  "display": {
    "thirdperson_righthand": {
      "translation": [
        0,
        6,
        1.5
      ]
    },
    "thirdperson_lefthand": {
      "translation": [
        0,
        6.25,
        1.25
      ]
    },
    "firstperson_righthand": {
      "rotation": [
        -16,
        0,
        0
      ],
      "translation": [
        0,
        0.5,
        0
      ]
    },
    "firstperson_lefthand": {
      "rotation": [
        -16,
        0,
        0
      ],
      "translation": [
        0,
        0.5,
        0
      ]
    },
    "ground": {
      "rotation": [
        90,
        90,
        0
      ],
      "scale": [
        0.5,
        0.5,
        0.5
      ]
    },
    "gui": {
      "rotation": [
        22,
        40,
        -33
      ],
      "translation": [
        -1,
        -3,
        0
      ],
      "scale": [
        0.5,
        0.5,
        0.5
      ]
    },
    "head": {
      "translation": [
        -5.75,
        10,
        0
      ]
    },
    "fixed": {
      "rotation": [
        0,
        90,
        0
      ],
      "translation": [
        0,
        0,
        -0.75
      ]
    }
  },
  "groups": [
    {
      "name": "group",
      "origin": [
        8,
        8,
        8
      ],
      "color": 0,
      "children": [
        0,
        1,
        2,
        3,
        4
      ]
    }
  ]
}